time,label,target,pred_prob,pred_label,problem,model,fold
2021-05-10,ACTIVE_BEAR,0,0.00022150399119633246,0,EXHAUSTION_VS_ACTIVE,logistic_regression,1
2021-05-11,ACTIVE_BEAR,0,0.00021130078452998846,0,EXHAUSTION_VS_ACTIVE,logistic_regression,1
2021-05-12,ACTIVE_BEAR,0,0.0007239162849732529,0,EXHAUSTION_VS_ACTIVE,logistic_regression,1
2021-05-13,ACTIVE_BEAR,0,0.0005616496984770205,0,EXHAUSTION_VS_ACTIVE,logistic_regression,1
2021-12-27,ACTIVE_BEAR,0,3.62577802000916e-08,0,EXHAUSTION_VS_ACTIVE,logistic_regression,1
2021-12-28,ACTIVE_BEAR,0,8.674105990528055e-09,0,EXHAUSTION_VS_ACTIVE,logistic_regression,1
2021-12-29,ACTIVE_BEAR,0,5.8784470852289845e-09,0,EXHAUSTION_VS_ACTIVE,logistic_regression,1
2021-12-30,ACTIVE_BEAR,0,1.9959411935657376e-09,0,EXHAUSTION_VS_ACTIVE,logistic_regression,1
2021-12-31,ACTIVE_BEAR,0,2.9307229491475057e-09,0,EXHAUSTION_VS_ACTIVE,logistic_regression,1
2022-01-02,ACTIVE_BEAR,0,7.824557984838594e-09,0,EXHAUSTION_VS_ACTIVE,logistic_regression,1
2022-01-03,ACTIVE_BEAR,0,1.3895660287079583e-08,0,EXHAUSTION_VS_ACTIVE,logistic_regression,1
2022-01-04,ACTIVE_BEAR,0,4.9915046213400755e-08,0,EXHAUSTION_VS_ACTIVE,logistic_regression,1
2022-01-05,ACTIVE_BEAR,0,7.274354369125436e-07,0,EXHAUSTION_VS_ACTIVE,logistic_regression,1
2022-01-06,ACTIVE_BEAR,0,9.502502174337226e-07,0,EXHAUSTION_VS_ACTIVE,logistic_regression,1
2022-01-07,ACTIVE_BEAR,0,2.6100658478277957e-06,0,EXHAUSTION_VS_ACTIVE,logistic_regression,1
2022-01-09,ACTIVE_BEAR,0,1.6106988375178368e-06,0,EXHAUSTION_VS_ACTIVE,logistic_regression,1
2022-01-10,ACTIVE_BEAR,0,1.1940350721509071e-05,0,EXHAUSTION_VS_ACTIVE,logistic_regression,1
2022-01-11,ACTIVE_BEAR,0,4.482199386810267e-06,0,EXHAUSTION_VS_ACTIVE,logistic_regression,1
2022-01-12,ACTIVE_BEAR,0,8.381872518736226e-07,0,EXHAUSTION_VS_ACTIVE,logistic_regression,1
2022-01-13,ACTIVE_BEAR,0,5.9237798126882956e-06,0,EXHAUSTION_VS_ACTIVE,logistic_regression,1
2022-01-14,ACTIVE_BEAR,0,7.805955116069617e-06,0,EXHAUSTION_VS_ACTIVE,logistic_regression,1
2022-01-16,ACTIVE_BEAR,0,1.5383404743044347e-06,0,EXHAUSTION_VS_ACTIVE,logistic_regression,1
2022-01-17,ACTIVE_BEAR,0,1.6464729161098632e-06,0,EXHAUSTION_VS_ACTIVE,logistic_regression,1
2022-01-18,ACTIVE_BEAR,0,1.0342539899559168e-05,0,EXHAUSTION_VS_ACTIVE,logistic_regression,1
2022-01-19,ACTIVE_BEAR,0,5.260167777236577e-06,0,EXHAUSTION_VS_ACTIVE,logistic_regression,1
2022-01-20,EXHAUSTION,1,1.2007767952694795e-05,0,EXHAUSTION_VS_ACTIVE,logistic_regression,1
2022-01-21,EXHAUSTION,1,7.531406768863037e-05,0,EXHAUSTION_VS_ACTIVE,logistic_regression,1
2022-01-22,EXHAUSTION,1,0.0006706979010323279,0,EXHAUSTION_VS_ACTIVE,logistic_regression,1
2022-01-23,EXHAUSTION,1,0.0006573026773360967,0,EXHAUSTION_VS_ACTIVE,logistic_regression,1
2022-01-24,EXHAUSTION,1,0.0037021072382350455,0,EXHAUSTION_VS_ACTIVE,logistic_regression,1
2022-01-25,EXHAUSTION,1,0.0039138680211452444,0,EXHAUSTION_VS_ACTIVE,logistic_regression,1
2022-01-26,EXHAUSTION,1,0.0009691732980646049,0,EXHAUSTION_VS_ACTIVE,logistic_regression,1
2022-01-27,EXHAUSTION,1,0.0025636024670729436,0,EXHAUSTION_VS_ACTIVE,logistic_regression,1
2022-01-28,EXHAUSTION,1,0.002742636394639781,0,EXHAUSTION_VS_ACTIVE,logistic_regression,1
2022-01-29,EXHAUSTION,1,0.0008167578421394948,0,EXHAUSTION_VS_ACTIVE,logistic_regression,1
2022-01-30,EXHAUSTION,1,0.00021920635529637137,0,EXHAUSTION_VS_ACTIVE,logistic_regression,1
2022-01-31,EXHAUSTION,1,0.0001416421108457002,0,EXHAUSTION_VS_ACTIVE,logistic_regression,1
2022-02-01,EXHAUSTION,1,3.888787371320684e-05,0,EXHAUSTION_VS_ACTIVE,logistic_regression,1
2022-02-02,EXHAUSTION,1,2.674437638163811e-05,0,EXHAUSTION_VS_ACTIVE,logistic_regression,1
2022-02-03,EXHAUSTION,1,1.3551570157738772e-05,0,EXHAUSTION_VS_ACTIVE,logistic_regression,1
2022-02-04,EXHAUSTION,1,1.2976695190975728e-05,0,EXHAUSTION_VS_ACTIVE,logistic_regression,1
2022-02-06,EXHAUSTION,1,1.5248127271818724e-05,0,EXHAUSTION_VS_ACTIVE,logistic_regression,1
2022-02-07,EXHAUSTION,1,8.62069122202963e-06,0,EXHAUSTION_VS_ACTIVE,logistic_regression,1
2022-02-08,EXHAUSTION,1,2.807950256176261e-05,0,EXHAUSTION_VS_ACTIVE,logistic_regression,1
2022-02-09,EXHAUSTION,1,1.165305680813522e-05,0,EXHAUSTION_VS_ACTIVE,logistic_regression,1
2022-02-10,EXHAUSTION,1,2.6382187084197925e-05,0,EXHAUSTION_VS_ACTIVE,logistic_regression,1
2022-02-11,EXHAUSTION,1,7.812313679454177e-05,0,EXHAUSTION_VS_ACTIVE,logistic_regression,1
2022-02-13,EXHAUSTION,1,0.0001284807764945566,0,EXHAUSTION_VS_ACTIVE,logistic_regression,1
2022-02-14,EXHAUSTION,1,0.00010526326285585716,0,EXHAUSTION_VS_ACTIVE,logistic_regression,1
2022-02-15,EXHAUSTION,1,6.957251488841498e-05,0,EXHAUSTION_VS_ACTIVE,logistic_regression,1
2022-02-16,EXHAUSTION,1,3.998033027136932e-05,0,EXHAUSTION_VS_ACTIVE,logistic_regression,1
2022-02-17,EXHAUSTION,1,0.0002102663021304,0,EXHAUSTION_VS_ACTIVE,logistic_regression,1
2022-02-18,EXHAUSTION,1,8.359743080265743e-05,0,EXHAUSTION_VS_ACTIVE,logistic_regression,1
2022-02-20,EXHAUSTION,1,0.00012954317271535144,0,EXHAUSTION_VS_ACTIVE,logistic_regression,1
2022-02-21,EXHAUSTION,1,0.00016235991479501426,0,EXHAUSTION_VS_ACTIVE,logistic_regression,1
2022-02-22,EXHAUSTION,1,0.00040300813226170875,0,EXHAUSTION_VS_ACTIVE,logistic_regression,1
2022-02-23,EXHAUSTION,1,0.0017226695819525229,0,EXHAUSTION_VS_ACTIVE,logistic_regression,1
2022-02-24,EXHAUSTION,1,0.004725242875213902,0,EXHAUSTION_VS_ACTIVE,logistic_regression,1
2022-02-25,EXHAUSTION,1,0.0009172685245970987,0,EXHAUSTION_VS_ACTIVE,logistic_regression,1
2022-02-27,EXHAUSTION,1,0.0017333827383633348,0,EXHAUSTION_VS_ACTIVE,logistic_regression,1
2022-02-28,EXHAUSTION,1,0.0009075204427635545,0,EXHAUSTION_VS_ACTIVE,logistic_regression,1
2022-03-01,EXHAUSTION,1,0.00032465790792619647,0,EXHAUSTION_VS_ACTIVE,logistic_regression,1
2022-03-02,EXHAUSTION,1,0.00015883354866038236,0,EXHAUSTION_VS_ACTIVE,logistic_regression,1
2022-03-03,EXHAUSTION,1,5.583060985249222e-05,0,EXHAUSTION_VS_ACTIVE,logistic_regression,1
2022-03-04,EXHAUSTION,1,0.00016364037839495092,0,EXHAUSTION_VS_ACTIVE,logistic_regression,1
2022-03-06,EXHAUSTION,1,0.00024094135787923956,0,EXHAUSTION_VS_ACTIVE,logistic_regression,1
2022-03-07,EXHAUSTION,1,0.0002660887666063472,0,EXHAUSTION_VS_ACTIVE,logistic_regression,1
2022-03-08,EXHAUSTION,1,0.00016932897545353473,0,EXHAUSTION_VS_ACTIVE,logistic_regression,1
2022-03-09,EXHAUSTION,1,0.003421534184609284,0,EXHAUSTION_VS_ACTIVE,logistic_regression,1
2022-03-10,EXHAUSTION,1,0.002009752996582013,0,EXHAUSTION_VS_ACTIVE,logistic_regression,1
2022-03-11,EXHAUSTION,1,0.002417118131786984,0,EXHAUSTION_VS_ACTIVE,logistic_regression,1
2022-03-13,EXHAUSTION,1,0.0027409180395295365,0,EXHAUSTION_VS_ACTIVE,logistic_regression,1
2022-03-14,EXHAUSTION,1,0.00925973269418292,0,EXHAUSTION_VS_ACTIVE,logistic_regression,1
2022-03-15,EXHAUSTION,1,0.009965429261521695,0,EXHAUSTION_VS_ACTIVE,logistic_regression,1
2022-04-04,ACTIVE_BEAR,0,8.396487339051732e-07,0,EXHAUSTION_VS_ACTIVE,logistic_regression,1
2022-04-05,ACTIVE_BEAR,0,2.5699879994501634e-06,0,EXHAUSTION_VS_ACTIVE,logistic_regression,1
2022-04-06,ACTIVE_BEAR,0,1.5342840341487463e-05,0,EXHAUSTION_VS_ACTIVE,logistic_regression,1
2022-04-07,ACTIVE_BEAR,0,1.3930169918193045e-05,0,EXHAUSTION_VS_ACTIVE,logistic_regression,1
2022-04-08,ACTIVE_BEAR,0,2.8872308802789597e-05,0,EXHAUSTION_VS_ACTIVE,logistic_regression,1
2022-04-10,ACTIVE_BEAR,0,2.3075765493105646e-05,0,EXHAUSTION_VS_ACTIVE,logistic_regression,1
2022-04-11,ACTIVE_BEAR,0,0.00017761499577036082,0,EXHAUSTION_VS_ACTIVE,logistic_regression,1
2022-04-12,ACTIVE_BEAR,0,0.000139866152497111,0,EXHAUSTION_VS_ACTIVE,logistic_regression,1
2022-04-13,ACTIVE_BEAR,0,0.00020355216697116288,0,EXHAUSTION_VS_ACTIVE,logistic_regression,1
2022-04-14,ACTIVE_BEAR,0,0.00037044492980180385,0,EXHAUSTION_VS_ACTIVE,logistic_regression,1
2022-04-17,ACTIVE_BEAR,0,0.0005787989462164134,0,EXHAUSTION_VS_ACTIVE,logistic_regression,1
2022-04-18,ACTIVE_BEAR,0,0.000613341074118073,0,EXHAUSTION_VS_ACTIVE,logistic_regression,1
2022-04-19,ACTIVE_BEAR,0,0.00019463694962730578,0,EXHAUSTION_VS_ACTIVE,logistic_regression,1
2022-04-20,ACTIVE_BEAR,0,0.00010252533335390156,0,EXHAUSTION_VS_ACTIVE,logistic_regression,1
2022-04-21,ACTIVE_BEAR,0,0.00040284733181957785,0,EXHAUSTION_VS_ACTIVE,logistic_regression,1
2022-04-22,ACTIVE_BEAR,0,0.001136886335522048,0,EXHAUSTION_VS_ACTIVE,logistic_regression,1
2022-04-24,ACTIVE_BEAR,0,0.0009668187820205589,0,EXHAUSTION_VS_ACTIVE,logistic_regression,1
2022-04-25,ACTIVE_BEAR,0,0.0014301307681712382,0,EXHAUSTION_VS_ACTIVE,logistic_regression,1
2022-04-26,ACTIVE_BEAR,0,0.02075474414285842,0,EXHAUSTION_VS_ACTIVE,logistic_regression,1
2022-04-27,ACTIVE_BEAR,0,0.0043282533380870625,0,EXHAUSTION_VS_ACTIVE,logistic_regression,1
2022-04-28,ACTIVE_BEAR,0,0.0018222363316716987,0,EXHAUSTION_VS_ACTIVE,logistic_regression,1
2022-04-29,ACTIVE_BEAR,0,0.007697330339507111,0,EXHAUSTION_VS_ACTIVE,logistic_regression,1
2022-04-30,ACTIVE_BEAR,0,0.01018862008895965,0,EXHAUSTION_VS_ACTIVE,logistic_regression,1
2022-05-01,ACTIVE_BEAR,0,0.007244599607444006,0,EXHAUSTION_VS_ACTIVE,logistic_regression,1
2022-05-02,ACTIVE_BEAR,0,0.00795595720458748,0,EXHAUSTION_VS_ACTIVE,logistic_regression,1
2022-05-03,ACTIVE_BEAR,0,0.0018564747247873444,0,EXHAUSTION_VS_ACTIVE,logistic_regression,1
2022-08-22,ACTIVE_BEAR,0,0.00482725840012973,0,EXHAUSTION_VS_ACTIVE,logistic_regression,3
2022-08-23,ACTIVE_BEAR,0,0.0036367519003641605,0,EXHAUSTION_VS_ACTIVE,logistic_regression,3
2022-08-24,ACTIVE_BEAR,0,0.0020077624593008297,0,EXHAUSTION_VS_ACTIVE,logistic_regression,3
2022-08-25,ACTIVE_BEAR,0,0.0007074704187053336,0,EXHAUSTION_VS_ACTIVE,logistic_regression,3
2022-08-26,ACTIVE_BEAR,0,0.0055344363544457525,0,EXHAUSTION_VS_ACTIVE,logistic_regression,3
2022-08-28,ACTIVE_BEAR,0,0.004547706252095601,0,EXHAUSTION_VS_ACTIVE,logistic_regression,3
2022-08-29,ACTIVE_BEAR,0,0.0009312434060029463,0,EXHAUSTION_VS_ACTIVE,logistic_regression,3
2022-08-30,ACTIVE_BEAR,0,0.0028853670761064807,0,EXHAUSTION_VS_ACTIVE,logistic_regression,3
2022-08-31,ACTIVE_BEAR,0,0.004958215664610635,0,EXHAUSTION_VS_ACTIVE,logistic_regression,3
2022-09-01,ACTIVE_BEAR,0,0.0024435028889023573,0,EXHAUSTION_VS_ACTIVE,logistic_regression,3
2022-09-02,ACTIVE_BEAR,0,0.003698734984224241,0,EXHAUSTION_VS_ACTIVE,logistic_regression,3
2022-09-03,ACTIVE_BEAR,0,0.0008076317674641449,0,EXHAUSTION_VS_ACTIVE,logistic_regression,3
2022-09-04,ACTIVE_BEAR,0,0.0012242574384015736,0,EXHAUSTION_VS_ACTIVE,logistic_regression,3
2022-09-05,ACTIVE_BEAR,0,0.0011217280418903788,0,EXHAUSTION_VS_ACTIVE,logistic_regression,3
2022-09-06,ACTIVE_BEAR,0,0.0005028531797569845,0,EXHAUSTION_VS_ACTIVE,logistic_regression,3
2022-09-07,ACTIVE_BEAR,0,0.0003015113404475761,0,EXHAUSTION_VS_ACTIVE,logistic_regression,3
2022-09-08,ACTIVE_BEAR,0,0.0004203945048345973,0,EXHAUSTION_VS_ACTIVE,logistic_regression,3
2022-09-09,ACTIVE_BEAR,0,0.00030683477319369844,0,EXHAUSTION_VS_ACTIVE,logistic_regression,3
2022-09-11,ACTIVE_BEAR,0,0.00017232825502634837,0,EXHAUSTION_VS_ACTIVE,logistic_regression,3
2022-09-12,ACTIVE_BEAR,0,0.00018127838815770197,0,EXHAUSTION_VS_ACTIVE,logistic_regression,3
2022-09-13,ACTIVE_BEAR,0,0.0006709158993251685,0,EXHAUSTION_VS_ACTIVE,logistic_regression,3
2022-09-14,ACTIVE_BEAR,0,0.00021261510613195485,0,EXHAUSTION_VS_ACTIVE,logistic_regression,3
2022-09-15,ACTIVE_BEAR,0,0.0006748774725276498,0,EXHAUSTION_VS_ACTIVE,logistic_regression,3
2022-09-16,ACTIVE_BEAR,0,0.0008904560191773396,0,EXHAUSTION_VS_ACTIVE,logistic_regression,3
2022-09-18,ACTIVE_BEAR,0,0.00032077201250333407,0,EXHAUSTION_VS_ACTIVE,logistic_regression,3
2022-09-19,ACTIVE_BEAR,0,0.00019622568191240335,0,EXHAUSTION_VS_ACTIVE,logistic_regression,3
2022-09-20,ACTIVE_BEAR,0,0.00021753299234723668,0,EXHAUSTION_VS_ACTIVE,logistic_regression,3
2022-09-21,ACTIVE_BEAR,0,0.0009421558939342247,0,EXHAUSTION_VS_ACTIVE,logistic_regression,3
2022-09-22,ACTIVE_BEAR,0,0.0018914911659249712,0,EXHAUSTION_VS_ACTIVE,logistic_regression,3
2022-09-23,ACTIVE_BEAR,0,0.009636134627418974,0,EXHAUSTION_VS_ACTIVE,logistic_regression,3
2022-09-25,ACTIVE_BEAR,0,0.01740004460706559,0,EXHAUSTION_VS_ACTIVE,logistic_regression,3
2022-09-26,ACTIVE_BEAR,0,0.007839527564021977,0,EXHAUSTION_VS_ACTIVE,logistic_regression,3
2022-09-27,ACTIVE_BEAR,0,0.008147150083410852,0,EXHAUSTION_VS_ACTIVE,logistic_regression,3
2022-09-28,ACTIVE_BEAR,0,0.010385736139491033,0,EXHAUSTION_VS_ACTIVE,logistic_regression,3
2022-09-29,ACTIVE_BEAR,0,0.0193686232060973,0,EXHAUSTION_VS_ACTIVE,logistic_regression,3
2022-09-30,EXHAUSTION,1,0.0403320482273537,0,EXHAUSTION_VS_ACTIVE,logistic_regression,3
2022-10-02,EXHAUSTION,1,0.07368768868600348,0,EXHAUSTION_VS_ACTIVE,logistic_regression,3
2022-10-03,EXHAUSTION,1,0.01709797065493398,0,EXHAUSTION_VS_ACTIVE,logistic_regression,3
2022-10-04,EXHAUSTION,1,0.007802350046685645,0,EXHAUSTION_VS_ACTIVE,logistic_regression,3
2022-10-05,EXHAUSTION,1,0.00610727529591889,0,EXHAUSTION_VS_ACTIVE,logistic_regression,3
2022-10-06,EXHAUSTION,1,0.0011028038433814986,0,EXHAUSTION_VS_ACTIVE,logistic_regression,3
2022-10-07,EXHAUSTION,1,0.006385357255921453,0,EXHAUSTION_VS_ACTIVE,logistic_regression,3
2022-10-09,EXHAUSTION,1,0.01169349804429137,0,EXHAUSTION_VS_ACTIVE,logistic_regression,3
2022-10-10,EXHAUSTION,1,0.013411460930129519,0,EXHAUSTION_VS_ACTIVE,logistic_regression,3
2022-10-11,EXHAUSTION,1,0.013541864622439156,0,EXHAUSTION_VS_ACTIVE,logistic_regression,3
2022-10-12,EXHAUSTION,1,0.0042125004921843455,0,EXHAUSTION_VS_ACTIVE,logistic_regression,3
2022-10-13,EXHAUSTION,1,0.00862922939719604,0,EXHAUSTION_VS_ACTIVE,logistic_regression,3
2022-10-14,EXHAUSTION,1,0.014175589371211932,0,EXHAUSTION_VS_ACTIVE,logistic_regression,3
2022-10-16,EXHAUSTION,1,0.019452632904528745,0,EXHAUSTION_VS_ACTIVE,logistic_regression,3
2022-10-17,EXHAUSTION,1,0.011154661335940333,0,EXHAUSTION_VS_ACTIVE,logistic_regression,3
2022-10-18,EXHAUSTION,1,0.005830807048131277,0,EXHAUSTION_VS_ACTIVE,logistic_regression,3
2022-10-19,EXHAUSTION,1,0.002361428717999668,0,EXHAUSTION_VS_ACTIVE,logistic_regression,3
2022-10-20,EXHAUSTION,1,0.0012203914548740574,0,EXHAUSTION_VS_ACTIVE,logistic_regression,3
2022-10-21,EXHAUSTION,1,0.00042782936976303455,0,EXHAUSTION_VS_ACTIVE,logistic_regression,3
2022-10-22,EXHAUSTION,1,4.3902932807457844e-05,0,EXHAUSTION_VS_ACTIVE,logistic_regression,3
2022-10-23,EXHAUSTION,1,9.854150457846808e-05,0,EXHAUSTION_VS_ACTIVE,logistic_regression,3
2022-10-24,EXHAUSTION,1,6.380248631272624e-05,0,EXHAUSTION_VS_ACTIVE,logistic_regression,3
2022-10-25,EXHAUSTION,1,2.709798524346535e-05,0,EXHAUSTION_VS_ACTIVE,logistic_regression,3
2022-10-26,EXHAUSTION,1,2.8262572591775926e-05,0,EXHAUSTION_VS_ACTIVE,logistic_regression,3
2022-10-27,EXHAUSTION,1,0.0001805396283873042,0,EXHAUSTION_VS_ACTIVE,logistic_regression,3
2022-10-28,EXHAUSTION,1,0.00015174114128986042,0,EXHAUSTION_VS_ACTIVE,logistic_regression,3
2022-10-30,EXHAUSTION,1,9.875139210488424e-05,0,EXHAUSTION_VS_ACTIVE,logistic_regression,3
2022-10-31,EXHAUSTION,1,7.065773960223414e-05,0,EXHAUSTION_VS_ACTIVE,logistic_regression,3
2022-11-01,EXHAUSTION,1,0.00012915628421802914,0,EXHAUSTION_VS_ACTIVE,logistic_regression,3
2022-11-02,EXHAUSTION,1,0.0009514483434331713,0,EXHAUSTION_VS_ACTIVE,logistic_regression,3
2022-11-03,EXHAUSTION,1,0.002435760436094974,0,EXHAUSTION_VS_ACTIVE,logistic_regression,3
2022-11-04,EXHAUSTION,1,0.002090728175362345,0,EXHAUSTION_VS_ACTIVE,logistic_regression,3
2022-11-05,EXHAUSTION,1,0.0006793848241699491,0,EXHAUSTION_VS_ACTIVE,logistic_regression,3
2022-11-06,EXHAUSTION,1,0.002421575362687306,0,EXHAUSTION_VS_ACTIVE,logistic_regression,3
2022-11-07,EXHAUSTION,1,0.0006915137642698509,0,EXHAUSTION_VS_ACTIVE,logistic_regression,3
2022-11-08,EXHAUSTION,1,0.0008385029925569269,0,EXHAUSTION_VS_ACTIVE,logistic_regression,3
2022-11-09,EXHAUSTION,1,0.0007117601176721372,0,EXHAUSTION_VS_ACTIVE,logistic_regression,3
2022-11-10,EXHAUSTION,1,0.0009355198218525981,0,EXHAUSTION_VS_ACTIVE,logistic_regression,3
2022-11-11,EXHAUSTION,1,0.000595377757238714,0,EXHAUSTION_VS_ACTIVE,logistic_regression,3
2022-11-13,EXHAUSTION,1,0.0005524431863939786,0,EXHAUSTION_VS_ACTIVE,logistic_regression,3
2022-11-14,EXHAUSTION,1,8.241944518066681e-05,0,EXHAUSTION_VS_ACTIVE,logistic_regression,3
2022-11-15,EXHAUSTION,1,7.411582638524386e-05,0,EXHAUSTION_VS_ACTIVE,logistic_regression,3
2022-11-16,EXHAUSTION,1,0.00023973211191586757,0,EXHAUSTION_VS_ACTIVE,logistic_regression,3
2022-11-17,EXHAUSTION,1,0.00020421966616693347,0,EXHAUSTION_VS_ACTIVE,logistic_regression,3
2022-11-18,EXHAUSTION,1,0.0001884724694038499,0,EXHAUSTION_VS_ACTIVE,logistic_regression,3
2022-11-19,EXHAUSTION,1,3.390890028938577e-05,0,EXHAUSTION_VS_ACTIVE,logistic_regression,3
2022-11-20,EXHAUSTION,1,3.5757237521963405e-05,0,EXHAUSTION_VS_ACTIVE,logistic_regression,3
2022-11-21,EXHAUSTION,1,2.0237440413295964e-05,0,EXHAUSTION_VS_ACTIVE,logistic_regression,3
2022-11-22,EXHAUSTION,1,1.582770169356755e-05,0,EXHAUSTION_VS_ACTIVE,logistic_regression,3
2022-11-23,EXHAUSTION,1,1.7511740560657664e-05,0,EXHAUSTION_VS_ACTIVE,logistic_regression,3
2022-11-24,EXHAUSTION,1,1.774138156258004e-05,0,EXHAUSTION_VS_ACTIVE,logistic_regression,3
2022-11-25,EXHAUSTION,1,1.2096339219572803e-05,0,EXHAUSTION_VS_ACTIVE,logistic_regression,3
2022-11-27,EXHAUSTION,1,8.071451167934063e-06,0,EXHAUSTION_VS_ACTIVE,logistic_regression,3
2022-11-28,EXHAUSTION,1,5.646322250735981e-06,0,EXHAUSTION_VS_ACTIVE,logistic_regression,3
2022-11-29,EXHAUSTION,1,5.755916523967236e-06,0,EXHAUSTION_VS_ACTIVE,logistic_regression,3
2022-11-30,EXHAUSTION,1,5.160410218426235e-06,0,EXHAUSTION_VS_ACTIVE,logistic_regression,3
2022-12-01,EXHAUSTION,1,4.116208353256864e-06,0,EXHAUSTION_VS_ACTIVE,logistic_regression,3
2022-12-02,EXHAUSTION,1,7.290746764058069e-06,0,EXHAUSTION_VS_ACTIVE,logistic_regression,3
2022-12-04,EXHAUSTION,1,7.066547741565185e-06,0,EXHAUSTION_VS_ACTIVE,logistic_regression,3
2022-12-05,EXHAUSTION,1,1.6607776993669077e-05,0,EXHAUSTION_VS_ACTIVE,logistic_regression,3
2022-12-06,EXHAUSTION,1,8.945164714927551e-05,0,EXHAUSTION_VS_ACTIVE,logistic_regression,3
2022-12-07,EXHAUSTION,1,7.953849370440412e-05,0,EXHAUSTION_VS_ACTIVE,logistic_regression,3
2022-12-08,EXHAUSTION,1,3.254014732729952e-05,0,EXHAUSTION_VS_ACTIVE,logistic_regression,3
2022-12-09,EXHAUSTION,1,3.207835242848392e-05,0,EXHAUSTION_VS_ACTIVE,logistic_regression,3
2022-12-11,EXHAUSTION,1,2.9604606441123633e-05,0,EXHAUSTION_VS_ACTIVE,logistic_regression,3
2022-12-12,EXHAUSTION,1,0.6327060425962033,1,EXHAUSTION_VS_ACTIVE,logistic_regression,4
2022-12-13,EXHAUSTION,1,0.6779869273425818,1,EXHAUSTION_VS_ACTIVE,logistic_regression,4
2022-12-14,EXHAUSTION,1,0.6782757680543511,1,EXHAUSTION_VS_ACTIVE,logistic_regression,4
2022-12-15,EXHAUSTION,1,0.5682800585287258,1,EXHAUSTION_VS_ACTIVE,logistic_regression,4
2022-12-16,EXHAUSTION,1,0.5233535346008222,1,EXHAUSTION_VS_ACTIVE,logistic_regression,4
2022-12-18,EXHAUSTION,1,0.25860696778805126,0,EXHAUSTION_VS_ACTIVE,logistic_regression,4
2022-12-19,EXHAUSTION,1,0.26882624764621205,0,EXHAUSTION_VS_ACTIVE,logistic_regression,4
2022-12-20,EXHAUSTION,1,0.22462437205273134,0,EXHAUSTION_VS_ACTIVE,logistic_regression,4
2022-12-21,EXHAUSTION,1,0.10524146265884157,0,EXHAUSTION_VS_ACTIVE,logistic_regression,4
2022-12-22,EXHAUSTION,1,0.12938047929617857,0,EXHAUSTION_VS_ACTIVE,logistic_regression,4
2022-12-23,EXHAUSTION,1,0.11030110493922765,0,EXHAUSTION_VS_ACTIVE,logistic_regression,4
2022-12-26,EXHAUSTION,1,0.09631026251500101,0,EXHAUSTION_VS_ACTIVE,logistic_regression,4
2022-12-27,EXHAUSTION,1,0.1054939442711063,0,EXHAUSTION_VS_ACTIVE,logistic_regression,4
2022-12-28,EXHAUSTION,1,0.22538525167892726,0,EXHAUSTION_VS_ACTIVE,logistic_regression,4
2022-12-29,EXHAUSTION,1,0.14364268571290523,0,EXHAUSTION_VS_ACTIVE,logistic_regression,4
2022-12-30,EXHAUSTION,1,0.1568056360027289,0,EXHAUSTION_VS_ACTIVE,logistic_regression,4
2023-01-02,EXHAUSTION,1,0.2247139787628631,0,EXHAUSTION_VS_ACTIVE,logistic_regression,4
2023-01-03,EXHAUSTION,1,0.5172033226908054,1,EXHAUSTION_VS_ACTIVE,logistic_regression,4
2023-01-04,EXHAUSTION,1,0.4450449603470613,0,EXHAUSTION_VS_ACTIVE,logistic_regression,4
2023-01-05,EXHAUSTION,1,0.5747178972232063,1,EXHAUSTION_VS_ACTIVE,logistic_regression,4
2023-01-06,EXHAUSTION,1,0.7443185548232765,1,EXHAUSTION_VS_ACTIVE,logistic_regression,4
2023-01-07,EXHAUSTION,1,0.7333028717595094,1,EXHAUSTION_VS_ACTIVE,logistic_regression,4
2023-01-08,EXHAUSTION,1,0.5110888958564682,1,EXHAUSTION_VS_ACTIVE,logistic_regression,4
2023-01-09,EXHAUSTION,1,0.29837103682625565,0,EXHAUSTION_VS_ACTIVE,logistic_regression,4
2023-01-10,EXHAUSTION,1,0.17325397082037883,0,EXHAUSTION_VS_ACTIVE,logistic_regression,4
2023-07-30,ACTIVE_BEAR,0,0.028253635609317398,0,EXHAUSTION_VS_ACTIVE,logistic_regression,4
2023-07-31,ACTIVE_BEAR,0,0.018743939182117572,0,EXHAUSTION_VS_ACTIVE,logistic_regression,4
2023-08-01,ACTIVE_BEAR,0,0.04374597204232107,0,EXHAUSTION_VS_ACTIVE,logistic_regression,4
2023-08-02,ACTIVE_BEAR,0,0.046505297348466194,0,EXHAUSTION_VS_ACTIVE,logistic_regression,4
2023-08-03,ACTIVE_BEAR,0,0.13110628187233378,0,EXHAUSTION_VS_ACTIVE,logistic_regression,4
2023-08-04,ACTIVE_BEAR,0,0.32116925104279903,0,EXHAUSTION_VS_ACTIVE,logistic_regression,4
2023-08-06,ACTIVE_BEAR,0,0.18358519221665795,0,EXHAUSTION_VS_ACTIVE,logistic_regression,4
2023-08-07,ACTIVE_BEAR,0,0.0640452464920292,0,EXHAUSTION_VS_ACTIVE,logistic_regression,4
2023-08-08,ACTIVE_BEAR,0,0.1272386294499412,0,EXHAUSTION_VS_ACTIVE,logistic_regression,4
2023-08-09,ACTIVE_BEAR,0,0.3311249120549529,0,EXHAUSTION_VS_ACTIVE,logistic_regression,4
2023-08-10,ACTIVE_BEAR,0,0.36711731852253887,0,EXHAUSTION_VS_ACTIVE,logistic_regression,4
2023-08-11,ACTIVE_BEAR,0,0.3591567472166782,0,EXHAUSTION_VS_ACTIVE,logistic_regression,4
2023-08-13,ACTIVE_BEAR,0,0.22185433654273337,0,EXHAUSTION_VS_ACTIVE,logistic_regression,4
2023-08-14,ACTIVE_BEAR,0,0.12810115653013587,0,EXHAUSTION_VS_ACTIVE,logistic_regression,4
2023-08-15,ACTIVE_BEAR,0,0.09844819813864078,0,EXHAUSTION_VS_ACTIVE,logistic_regression,4
2023-08-16,ACTIVE_BEAR,0,0.11089828277499714,0,EXHAUSTION_VS_ACTIVE,logistic_regression,4
2023-08-17,EXHAUSTION,1,0.2838579228161634,0,EXHAUSTION_VS_ACTIVE,logistic_regression,4
2023-08-18,EXHAUSTION,1,0.6269274298238464,1,EXHAUSTION_VS_ACTIVE,logistic_regression,4
2023-08-19,EXHAUSTION,1,0.46376677304338415,0,EXHAUSTION_VS_ACTIVE,logistic_regression,4
2023-08-20,EXHAUSTION,1,0.2532342362057908,0,EXHAUSTION_VS_ACTIVE,logistic_regression,4
2024-03-24,ACTIVE_BEAR,0,0.021198761764038544,0,EXHAUSTION_VS_ACTIVE,logistic_regression,4
2024-03-25,ACTIVE_BEAR,0,0.019158513444242457,0,EXHAUSTION_VS_ACTIVE,logistic_regression,4
2024-03-26,ACTIVE_BEAR,0,0.023134551862798596,0,EXHAUSTION_VS_ACTIVE,logistic_regression,4
2024-03-27,ACTIVE_BEAR,0,0.04674163324126814,0,EXHAUSTION_VS_ACTIVE,logistic_regression,4
2024-03-28,ACTIVE_BEAR,0,0.10084838753922978,0,EXHAUSTION_VS_ACTIVE,logistic_regression,4
2024-03-30,ACTIVE_BEAR,0,0.05900280037748338,0,EXHAUSTION_VS_ACTIVE,logistic_regression,4
2024-03-31,ACTIVE_BEAR,0,0.06683981964741037,0,EXHAUSTION_VS_ACTIVE,logistic_regression,4
2024-04-01,ACTIVE_BEAR,0,0.10793494115317323,0,EXHAUSTION_VS_ACTIVE,logistic_regression,4
2024-04-02,ACTIVE_BEAR,0,0.10036532408137881,0,EXHAUSTION_VS_ACTIVE,logistic_regression,4
2024-04-03,ACTIVE_BEAR,0,0.10616668268791611,0,EXHAUSTION_VS_ACTIVE,logistic_regression,4
2024-04-04,ACTIVE_BEAR,0,0.15355773082125967,0,EXHAUSTION_VS_ACTIVE,logistic_regression,4
2024-04-05,ACTIVE_BEAR,0,0.08105556981129534,0,EXHAUSTION_VS_ACTIVE,logistic_regression,4
2024-04-06,ACTIVE_BEAR,0,0.027481668837907827,0,EXHAUSTION_VS_ACTIVE,logistic_regression,4
2024-04-07,ACTIVE_BEAR,0,0.028251721181097946,0,EXHAUSTION_VS_ACTIVE,logistic_regression,4
2024-04-08,ACTIVE_BEAR,0,0.025699234944196892,0,EXHAUSTION_VS_ACTIVE,logistic_regression,4
2024-04-09,ACTIVE_BEAR,0,0.028870773043730164,0,EXHAUSTION_VS_ACTIVE,logistic_regression,4
2024-04-10,ACTIVE_BEAR,0,0.04902212553511107,0,EXHAUSTION_VS_ACTIVE,logistic_regression,4
2024-04-11,ACTIVE_BEAR,0,0.03420655999068516,0,EXHAUSTION_VS_ACTIVE,logistic_regression,4
2024-04-12,ACTIVE_BEAR,0,0.021854735295299292,0,EXHAUSTION_VS_ACTIVE,logistic_regression,4
2024-04-13,ACTIVE_BEAR,0,0.021100807740810506,0,EXHAUSTION_VS_ACTIVE,logistic_regression,4
2024-04-14,ACTIVE_BEAR,0,0.011947628530044302,0,EXHAUSTION_VS_ACTIVE,logistic_regression,4
2024-04-15,ACTIVE_BEAR,0,0.019569226967196058,0,EXHAUSTION_VS_ACTIVE,logistic_regression,4
2024-04-16,ACTIVE_BEAR,0,0.022288622283843266,0,EXHAUSTION_VS_ACTIVE,logistic_regression,4
2024-04-17,ACTIVE_BEAR,0,0.013022248180567401,0,EXHAUSTION_VS_ACTIVE,logistic_regression,4
2024-04-18,ACTIVE_BEAR,0,0.014503980660749774,0,EXHAUSTION_VS_ACTIVE,logistic_regression,4
2024-04-19,ACTIVE_BEAR,0,0.047002043257065106,0,EXHAUSTION_VS_ACTIVE,logistic_regression,4
2024-04-20,ACTIVE_BEAR,0,0.02037806743593186,0,EXHAUSTION_VS_ACTIVE,logistic_regression,4
2024-04-21,ACTIVE_BEAR,0,0.021703259873325928,0,EXHAUSTION_VS_ACTIVE,logistic_regression,4
2024-07-10,ACTIVE_BEAR,0,0.6613552504330956,1,EXHAUSTION_VS_ACTIVE,logistic_regression,4
2024-07-11,ACTIVE_BEAR,0,0.507290187517044,1,EXHAUSTION_VS_ACTIVE,logistic_regression,4
2024-07-12,ACTIVE_BEAR,0,0.5311392004986502,1,EXHAUSTION_VS_ACTIVE,logistic_regression,4
2024-07-13,ACTIVE_BEAR,0,0.3921852608208985,0,EXHAUSTION_VS_ACTIVE,logistic_regression,4
2024-07-14,ACTIVE_BEAR,0,0.6091653433582154,1,EXHAUSTION_VS_ACTIVE,logistic_regression,4
2024-07-15,ACTIVE_BEAR,0,0.4070917865968794,0,EXHAUSTION_VS_ACTIVE,logistic_regression,4
2024-07-16,ACTIVE_BEAR,0,0.5390538357389749,1,EXHAUSTION_VS_ACTIVE,logistic_regression,4
2024-07-17,ACTIVE_BEAR,0,0.41368550660587666,0,EXHAUSTION_VS_ACTIVE,logistic_regression,4
2024-07-18,ACTIVE_BEAR,0,0.5472642697737432,1,EXHAUSTION_VS_ACTIVE,logistic_regression,4
2024-07-19,ACTIVE_BEAR,0,0.437135077926727,0,EXHAUSTION_VS_ACTIVE,logistic_regression,4
2024-07-21,ACTIVE_BEAR,0,0.30110839411774265,0,EXHAUSTION_VS_ACTIVE,logistic_regression,4
2024-07-22,ACTIVE_BEAR,0,0.15653528664864103,0,EXHAUSTION_VS_ACTIVE,logistic_regression,4
2024-07-23,ACTIVE_BEAR,0,0.2448920521547962,0,EXHAUSTION_VS_ACTIVE,logistic_regression,4
2024-07-24,ACTIVE_BEAR,0,0.5022076088654753,1,EXHAUSTION_VS_ACTIVE,logistic_regression,4
2024-07-25,ACTIVE_BEAR,0,0.4552152638900575,0,EXHAUSTION_VS_ACTIVE,logistic_regression,4
2024-07-26,ACTIVE_BEAR,0,0.4724432525695476,0,EXHAUSTION_VS_ACTIVE,logistic_regression,4
2024-07-27,ACTIVE_BEAR,0,0.3134795990413236,0,EXHAUSTION_VS_ACTIVE,logistic_regression,4
2024-07-28,ACTIVE_BEAR,0,0.20373989012212718,0,EXHAUSTION_VS_ACTIVE,logistic_regression,4
2024-07-29,ACTIVE_BEAR,0,0.1623938573267131,0,EXHAUSTION_VS_ACTIVE,logistic_regression,4
2024-07-30,ACTIVE_BEAR,0,0.3502774192819504,0,EXHAUSTION_VS_ACTIVE,logistic_regression,4
2024-07-31,ACTIVE_BEAR,0,0.5833714338598053,1,EXHAUSTION_VS_ACTIVE,logistic_regression,4
2024-08-01,ACTIVE_BEAR,0,0.6420121049791081,1,EXHAUSTION_VS_ACTIVE,logistic_regression,4
2024-08-02,ACTIVE_BEAR,0,0.5998110691770576,1,EXHAUSTION_VS_ACTIVE,logistic_regression,4
2024-08-03,ACTIVE_BEAR,0,0.4084021219144429,0,EXHAUSTION_VS_ACTIVE,logistic_regression,4
2024-08-04,ACTIVE_BEAR,0,0.3643240094024919,0,EXHAUSTION_VS_ACTIVE,logistic_regression,4
2024-08-05,ACTIVE_BEAR,0,0.5878815912606797,1,EXHAUSTION_VS_ACTIVE,logistic_regression,4
2024-08-06,ACTIVE_BEAR,0,0.8477072758121703,1,EXHAUSTION_VS_ACTIVE,logistic_regression,4
2024-08-07,EXHAUSTION,1,0.826553637545873,1,EXHAUSTION_VS_ACTIVE,logistic_regression,5
2024-08-08,EXHAUSTION,1,0.7769202835770375,1,EXHAUSTION_VS_ACTIVE,logistic_regression,5
2025-02-17,ACTIVE_BEAR,0,0.0006625964455783748,0,EXHAUSTION_VS_ACTIVE,logistic_regression,5
2025-02-18,ACTIVE_BEAR,0,0.0004929922851716479,0,EXHAUSTION_VS_ACTIVE,logistic_regression,5
2025-02-19,ACTIVE_BEAR,0,0.0003660512884260077,0,EXHAUSTION_VS_ACTIVE,logistic_regression,5
2025-02-20,ACTIVE_BEAR,0,0.0019880711524563376,0,EXHAUSTION_VS_ACTIVE,logistic_regression,5
2025-02-21,ACTIVE_BEAR,0,0.0040139509460719106,0,EXHAUSTION_VS_ACTIVE,logistic_regression,5
2025-02-23,ACTIVE_BEAR,0,0.0032629014741710053,0,EXHAUSTION_VS_ACTIVE,logistic_regression,5
2025-02-24,ACTIVE_BEAR,0,0.0031917932173378327,0,EXHAUSTION_VS_ACTIVE,logistic_regression,5
2025-02-25,ACTIVE_BEAR,0,0.008398149210984128,0,EXHAUSTION_VS_ACTIVE,logistic_regression,5
2025-02-26,ACTIVE_BEAR,0,0.020699612299563973,0,EXHAUSTION_VS_ACTIVE,logistic_regression,5
2025-02-27,ACTIVE_BEAR,0,0.0907890867241259,0,EXHAUSTION_VS_ACTIVE,logistic_regression,5
2025-02-28,ACTIVE_BEAR,0,0.03622196461672434,0,EXHAUSTION_VS_ACTIVE,logistic_regression,5
2025-03-01,ACTIVE_BEAR,0,0.04266418089209123,0,EXHAUSTION_VS_ACTIVE,logistic_regression,5
2025-03-02,ACTIVE_BEAR,0,0.05721944444328386,0,EXHAUSTION_VS_ACTIVE,logistic_regression,5
2025-03-03,ACTIVE_BEAR,0,0.053464174071473365,0,EXHAUSTION_VS_ACTIVE,logistic_regression,5
2025-03-04,ACTIVE_BEAR,0,0.07499188335965958,0,EXHAUSTION_VS_ACTIVE,logistic_regression,5
2025-03-05,ACTIVE_BEAR,0,0.0790356925815929,0,EXHAUSTION_VS_ACTIVE,logistic_regression,5
2025-03-06,ACTIVE_BEAR,0,0.16054927343339973,0,EXHAUSTION_VS_ACTIVE,logistic_regression,5
2025-03-07,ACTIVE_BEAR,0,0.10914669352809821,0,EXHAUSTION_VS_ACTIVE,logistic_regression,5
2025-03-08,ACTIVE_BEAR,0,0.06716860484153667,0,EXHAUSTION_VS_ACTIVE,logistic_regression,5
2025-03-09,ACTIVE_BEAR,0,0.08784036870509121,0,EXHAUSTION_VS_ACTIVE,logistic_regression,5
2025-03-10,ACTIVE_BEAR,0,0.10218368550051242,0,EXHAUSTION_VS_ACTIVE,logistic_regression,5
2025-03-11,ACTIVE_BEAR,0,0.18161401018254425,0,EXHAUSTION_VS_ACTIVE,logistic_regression,5
2025-03-12,ACTIVE_BEAR,0,0.05716246591807188,0,EXHAUSTION_VS_ACTIVE,logistic_regression,5
2025-03-13,ACTIVE_BEAR,0,0.11220016446309812,0,EXHAUSTION_VS_ACTIVE,logistic_regression,5
2025-03-14,ACTIVE_BEAR,0,0.13921419320225992,0,EXHAUSTION_VS_ACTIVE,logistic_regression,5
2025-03-15,ACTIVE_BEAR,0,0.07900304663248822,0,EXHAUSTION_VS_ACTIVE,logistic_regression,5
2025-03-16,ACTIVE_BEAR,0,0.2577197476621535,0,EXHAUSTION_VS_ACTIVE,logistic_regression,5
2025-03-17,ACTIVE_BEAR,0,0.23025449195777514,0,EXHAUSTION_VS_ACTIVE,logistic_regression,5
2025-03-18,ACTIVE_BEAR,0,0.5744861473183661,1,EXHAUSTION_VS_ACTIVE,logistic_regression,5
2025-03-19,ACTIVE_BEAR,0,0.3346208264179321,0,EXHAUSTION_VS_ACTIVE,logistic_regression,5
2025-03-20,ACTIVE_BEAR,0,0.5151353498270859,1,EXHAUSTION_VS_ACTIVE,logistic_regression,5
2025-03-21,ACTIVE_BEAR,0,0.6459000211441164,1,EXHAUSTION_VS_ACTIVE,logistic_regression,5
2025-03-22,ACTIVE_BEAR,0,0.0013149641800812336,0,EXHAUSTION_VS_ACTIVE,logistic_regression,5
2025-03-23,ACTIVE_BEAR,0,0.17425896938248747,0,EXHAUSTION_VS_ACTIVE,logistic_regression,5
2025-03-24,ACTIVE_BEAR,0,0.07822151241809257,0,EXHAUSTION_VS_ACTIVE,logistic_regression,5
2025-03-25,ACTIVE_BEAR,0,0.12917078124973352,0,EXHAUSTION_VS_ACTIVE,logistic_regression,5
2025-03-26,ACTIVE_BEAR,0,0.06099001488110558,0,EXHAUSTION_VS_ACTIVE,logistic_regression,5
2025-03-27,ACTIVE_BEAR,0,0.07561635816010245,0,EXHAUSTION_VS_ACTIVE,logistic_regression,5
2025-03-28,ACTIVE_BEAR,0,0.0979073541484397,0,EXHAUSTION_VS_ACTIVE,logistic_regression,5
2025-03-29,ACTIVE_BEAR,0,0.10647654899979343,0,EXHAUSTION_VS_ACTIVE,logistic_regression,5
2025-03-30,ACTIVE_BEAR,0,0.05744804145329506,0,EXHAUSTION_VS_ACTIVE,logistic_regression,5
2025-03-31,ACTIVE_BEAR,0,0.03786039329293466,0,EXHAUSTION_VS_ACTIVE,logistic_regression,5
2025-04-01,ACTIVE_BEAR,0,0.037962467942931524,0,EXHAUSTION_VS_ACTIVE,logistic_regression,5
2025-04-02,ACTIVE_BEAR,0,0.18749232229010315,0,EXHAUSTION_VS_ACTIVE,logistic_regression,5
2025-04-03,ACTIVE_BEAR,0,0.3021662436528586,0,EXHAUSTION_VS_ACTIVE,logistic_regression,5
2025-04-04,EXHAUSTION,1,0.46316290474786775,0,EXHAUSTION_VS_ACTIVE,logistic_regression,5
2025-04-05,EXHAUSTION,1,0.35859354538209665,0,EXHAUSTION_VS_ACTIVE,logistic_regression,5
2025-04-06,EXHAUSTION,1,0.3323654378574557,0,EXHAUSTION_VS_ACTIVE,logistic_regression,5
2025-04-07,EXHAUSTION,1,0.6355658963170635,1,EXHAUSTION_VS_ACTIVE,logistic_regression,5
2026-01-28,ACTIVE_BEAR,0,0.0011396189215280616,0,EXHAUSTION_VS_ACTIVE,logistic_regression,5
2026-01-29,ACTIVE_BEAR,0,0.0020244169655949345,0,EXHAUSTION_VS_ACTIVE,logistic_regression,5
2026-01-30,ACTIVE_BEAR,0,0.0016488186230823963,0,EXHAUSTION_VS_ACTIVE,logistic_regression,5
2026-01-31,ACTIVE_BEAR,0,0.0013172459526738108,0,EXHAUSTION_VS_ACTIVE,logistic_regression,5
2026-02-01,ACTIVE_BEAR,0,0.0009745391189438098,0,EXHAUSTION_VS_ACTIVE,logistic_regression,5
2026-02-02,ACTIVE_BEAR,0,0.000610045177727711,0,EXHAUSTION_VS_ACTIVE,logistic_regression,5
2026-02-03,ACTIVE_BEAR,0,0.0013188691370755615,0,EXHAUSTION_VS_ACTIVE,logistic_regression,5
2026-02-04,ACTIVE_BEAR,0,0.001936041130166808,0,EXHAUSTION_VS_ACTIVE,logistic_regression,5
2026-02-05,ACTIVE_BEAR,0,0.005239480509858924,0,EXHAUSTION_VS_ACTIVE,logistic_regression,5
2026-02-06,ACTIVE_BEAR,0,0.009693474793726377,0,EXHAUSTION_VS_ACTIVE,logistic_regression,5
2026-02-08,ACTIVE_BEAR,0,0.009081904944229446,0,EXHAUSTION_VS_ACTIVE,logistic_regression,5
2026-02-09,ACTIVE_BEAR,0,0.004070901545933185,0,EXHAUSTION_VS_ACTIVE,logistic_regression,5
2026-02-10,ACTIVE_BEAR,0,0.0026298888290517386,0,EXHAUSTION_VS_ACTIVE,logistic_regression,5
2026-02-11,ACTIVE_BEAR,0,0.010800238057262471,0,EXHAUSTION_VS_ACTIVE,logistic_regression,5
2026-02-12,ACTIVE_BEAR,0,0.054563091181620026,0,EXHAUSTION_VS_ACTIVE,logistic_regression,5
2026-02-13,ACTIVE_BEAR,0,0.10421426191466122,0,EXHAUSTION_VS_ACTIVE,logistic_regression,5
2026-02-14,ACTIVE_BEAR,0,0.1109059277992877,0,EXHAUSTION_VS_ACTIVE,logistic_regression,5
2026-02-15,ACTIVE_BEAR,0,0.04901481558532545,0,EXHAUSTION_VS_ACTIVE,logistic_regression,5
2026-02-16,ACTIVE_BEAR,0,0.0816559397170633,0,EXHAUSTION_VS_ACTIVE,logistic_regression,5
2026-02-17,ACTIVE_BEAR,0,0.1310407129009571,0,EXHAUSTION_VS_ACTIVE,logistic_regression,5
2026-02-18,ACTIVE_BEAR,0,0.15963220628357883,0,EXHAUSTION_VS_ACTIVE,logistic_regression,5
2026-02-19,ACTIVE_BEAR,0,0.2708400414861638,0,EXHAUSTION_VS_ACTIVE,logistic_regression,5
2026-02-20,ACTIVE_BEAR,0,0.19217622489007294,0,EXHAUSTION_VS_ACTIVE,logistic_regression,5
2026-02-22,ACTIVE_BEAR,0,0.22893130706225412,0,EXHAUSTION_VS_ACTIVE,logistic_regression,5
2026-02-23,ACTIVE_BEAR,0,0.23239775113800185,0,EXHAUSTION_VS_ACTIVE,logistic_regression,5
2026-02-24,ACTIVE_BEAR,0,0.11818767134867798,0,EXHAUSTION_VS_ACTIVE,logistic_regression,5
2026-02-25,ACTIVE_BEAR,0,0.12949593421097702,0,EXHAUSTION_VS_ACTIVE,logistic_regression,5
2026-02-26,ACTIVE_BEAR,0,0.18344370552310374,0,EXHAUSTION_VS_ACTIVE,logistic_regression,5
2026-02-27,ACTIVE_BEAR,0,0.134126606409218,0,EXHAUSTION_VS_ACTIVE,logistic_regression,5
2026-02-28,ACTIVE_BEAR,0,0.09328289838162411,0,EXHAUSTION_VS_ACTIVE,logistic_regression,5
2026-03-01,ACTIVE_BEAR,0,0.16725434746457513,0,EXHAUSTION_VS_ACTIVE,logistic_regression,5
2026-03-02,ACTIVE_BEAR,0,0.04815452130011125,0,EXHAUSTION_VS_ACTIVE,logistic_regression,5
2026-03-03,ACTIVE_BEAR,0,0.09827773827819877,0,EXHAUSTION_VS_ACTIVE,logistic_regression,5
2026-03-04,ACTIVE_BEAR,0,0.08225112050384735,0,EXHAUSTION_VS_ACTIVE,logistic_regression,5
2026-03-05,ACTIVE_BEAR,0,0.06433024229037136,0,EXHAUSTION_VS_ACTIVE,logistic_regression,5
2026-03-06,ACTIVE_BEAR,0,0.14032486126710553,0,EXHAUSTION_VS_ACTIVE,logistic_regression,5
2026-03-08,ACTIVE_BEAR,0,0.485434685341552,0,EXHAUSTION_VS_ACTIVE,logistic_regression,5
2026-03-09,ACTIVE_BEAR,0,0.3189549376068453,0,EXHAUSTION_VS_ACTIVE,logistic_regression,5
2026-03-10,ACTIVE_BEAR,0,0.06991585989580228,0,EXHAUSTION_VS_ACTIVE,logistic_regression,5
2026-03-11,ACTIVE_BEAR,0,0.14385642888688796,0,EXHAUSTION_VS_ACTIVE,logistic_regression,5
2026-03-12,ACTIVE_BEAR,0,0.11820357069101026,0,EXHAUSTION_VS_ACTIVE,logistic_regression,5
2026-03-13,ACTIVE_BEAR,0,0.22667794505495076,0,EXHAUSTION_VS_ACTIVE,logistic_regression,5
2026-03-14,ACTIVE_BEAR,0,0.1593399837863847,0,EXHAUSTION_VS_ACTIVE,logistic_regression,5
2026-03-15,ACTIVE_BEAR,0,0.09395586259494351,0,EXHAUSTION_VS_ACTIVE,logistic_regression,5
2026-03-16,ACTIVE_BEAR,0,0.022723004657410874,0,EXHAUSTION_VS_ACTIVE,logistic_regression,5
2026-03-17,ACTIVE_BEAR,0,0.01665921140714951,0,EXHAUSTION_VS_ACTIVE,logistic_regression,5
2026-03-18,ACTIVE_BEAR,0,0.032936489405546575,0,EXHAUSTION_VS_ACTIVE,logistic_regression,5
2026-03-19,ACTIVE_BEAR,0,0.06422034529370192,0,EXHAUSTION_VS_ACTIVE,logistic_regression,5
2026-03-20,ACTIVE_BEAR,0,0.09933341476843062,0,EXHAUSTION_VS_ACTIVE,logistic_regression,5
2021-05-10,ACTIVE_BEAR,0,0.08531797741626107,0,EXHAUSTION_VS_ACTIVE,random_forest,1
2021-05-11,ACTIVE_BEAR,0,0.08954259141300852,0,EXHAUSTION_VS_ACTIVE,random_forest,1
2021-05-12,ACTIVE_BEAR,0,0.19357354694386322,0,EXHAUSTION_VS_ACTIVE,random_forest,1
2021-05-13,ACTIVE_BEAR,0,0.21225953311406037,0,EXHAUSTION_VS_ACTIVE,random_forest,1
2021-12-27,ACTIVE_BEAR,0,0.006483365216815846,0,EXHAUSTION_VS_ACTIVE,random_forest,1
2021-12-28,ACTIVE_BEAR,0,0.0038814540037636473,0,EXHAUSTION_VS_ACTIVE,random_forest,1
2021-12-29,ACTIVE_BEAR,0,0.0038079715086888725,0,EXHAUSTION_VS_ACTIVE,random_forest,1
2021-12-30,ACTIVE_BEAR,0,0.003070739783488277,0,EXHAUSTION_VS_ACTIVE,random_forest,1
2021-12-31,ACTIVE_BEAR,0,0.0009831109175088954,0,EXHAUSTION_VS_ACTIVE,random_forest,1
2022-01-02,ACTIVE_BEAR,0,0.0026620262444534853,0,EXHAUSTION_VS_ACTIVE,random_forest,1
2022-01-03,ACTIVE_BEAR,0,0.0022582400955647244,0,EXHAUSTION_VS_ACTIVE,random_forest,1
2022-01-04,ACTIVE_BEAR,0,0.006960531633763827,0,EXHAUSTION_VS_ACTIVE,random_forest,1
2022-01-05,ACTIVE_BEAR,0,0.04167631673463244,0,EXHAUSTION_VS_ACTIVE,random_forest,1
2022-01-06,ACTIVE_BEAR,0,0.036424756505154435,0,EXHAUSTION_VS_ACTIVE,random_forest,1
2022-01-07,ACTIVE_BEAR,0,0.12162867573964684,0,EXHAUSTION_VS_ACTIVE,random_forest,1
2022-01-09,ACTIVE_BEAR,0,0.17318809983008218,0,EXHAUSTION_VS_ACTIVE,random_forest,1
2022-01-10,ACTIVE_BEAR,0,0.1987438188388226,0,EXHAUSTION_VS_ACTIVE,random_forest,1
2022-01-11,ACTIVE_BEAR,0,0.12896058338109934,0,EXHAUSTION_VS_ACTIVE,random_forest,1
2022-01-12,ACTIVE_BEAR,0,0.11014542544078099,0,EXHAUSTION_VS_ACTIVE,random_forest,1
2022-01-13,ACTIVE_BEAR,0,0.18755882507385502,0,EXHAUSTION_VS_ACTIVE,random_forest,1
2022-01-14,ACTIVE_BEAR,0,0.14839218825221565,0,EXHAUSTION_VS_ACTIVE,random_forest,1
2022-01-16,ACTIVE_BEAR,0,0.14648716905810424,0,EXHAUSTION_VS_ACTIVE,random_forest,1
2022-01-17,ACTIVE_BEAR,0,0.15374969864564003,0,EXHAUSTION_VS_ACTIVE,random_forest,1
2022-01-18,ACTIVE_BEAR,0,0.21476835098510488,0,EXHAUSTION_VS_ACTIVE,random_forest,1
2022-01-19,ACTIVE_BEAR,0,0.21720505984586438,0,EXHAUSTION_VS_ACTIVE,random_forest,1
2022-01-20,EXHAUSTION,1,0.22815225613437778,0,EXHAUSTION_VS_ACTIVE,random_forest,1
2022-01-21,EXHAUSTION,1,0.25973409172088036,0,EXHAUSTION_VS_ACTIVE,random_forest,1
2022-01-22,EXHAUSTION,1,0.2544833655726323,0,EXHAUSTION_VS_ACTIVE,random_forest,1
2022-01-23,EXHAUSTION,1,0.2661000953993851,0,EXHAUSTION_VS_ACTIVE,random_forest,1
2022-01-24,EXHAUSTION,1,0.26392508189909825,0,EXHAUSTION_VS_ACTIVE,random_forest,1
2022-01-25,EXHAUSTION,1,0.2699661843594246,0,EXHAUSTION_VS_ACTIVE,random_forest,1
2022-01-26,EXHAUSTION,1,0.26862735095372187,0,EXHAUSTION_VS_ACTIVE,random_forest,1
2022-01-27,EXHAUSTION,1,0.2721311328130328,0,EXHAUSTION_VS_ACTIVE,random_forest,1
2022-01-28,EXHAUSTION,1,0.2511237161427042,0,EXHAUSTION_VS_ACTIVE,random_forest,1
2022-01-29,EXHAUSTION,1,0.2492488334198873,0,EXHAUSTION_VS_ACTIVE,random_forest,1
2022-01-30,EXHAUSTION,1,0.2361201866057241,0,EXHAUSTION_VS_ACTIVE,random_forest,1
2022-01-31,EXHAUSTION,1,0.20024577872711724,0,EXHAUSTION_VS_ACTIVE,random_forest,1
2022-02-01,EXHAUSTION,1,0.1554550687448794,0,EXHAUSTION_VS_ACTIVE,random_forest,1
2022-02-02,EXHAUSTION,1,0.18652180568674992,0,EXHAUSTION_VS_ACTIVE,random_forest,1
2022-02-03,EXHAUSTION,1,0.18456194779763732,0,EXHAUSTION_VS_ACTIVE,random_forest,1
2022-02-04,EXHAUSTION,1,0.186792834743664,0,EXHAUSTION_VS_ACTIVE,random_forest,1
2022-02-06,EXHAUSTION,1,0.18159478320573474,0,EXHAUSTION_VS_ACTIVE,random_forest,1
2022-02-07,EXHAUSTION,1,0.19075945174684356,0,EXHAUSTION_VS_ACTIVE,random_forest,1
2022-02-08,EXHAUSTION,1,0.17948490241587792,0,EXHAUSTION_VS_ACTIVE,random_forest,1
2022-02-09,EXHAUSTION,1,0.13931973040374318,0,EXHAUSTION_VS_ACTIVE,random_forest,1
2022-02-10,EXHAUSTION,1,0.1824205381570843,0,EXHAUSTION_VS_ACTIVE,random_forest,1
2022-02-11,EXHAUSTION,1,0.20472144801412592,0,EXHAUSTION_VS_ACTIVE,random_forest,1
2022-02-13,EXHAUSTION,1,0.20168962700772186,0,EXHAUSTION_VS_ACTIVE,random_forest,1
2022-02-14,EXHAUSTION,1,0.19382397374368496,0,EXHAUSTION_VS_ACTIVE,random_forest,1
2022-02-15,EXHAUSTION,1,0.1854836943298302,0,EXHAUSTION_VS_ACTIVE,random_forest,1
2022-02-16,EXHAUSTION,1,0.17960371648090187,0,EXHAUSTION_VS_ACTIVE,random_forest,1
2022-02-17,EXHAUSTION,1,0.20617827963583157,0,EXHAUSTION_VS_ACTIVE,random_forest,1
2022-02-18,EXHAUSTION,1,0.21311190487090026,0,EXHAUSTION_VS_ACTIVE,random_forest,1
2022-02-20,EXHAUSTION,1,0.23533195795226444,0,EXHAUSTION_VS_ACTIVE,random_forest,1
2022-02-21,EXHAUSTION,1,0.25973409172088036,0,EXHAUSTION_VS_ACTIVE,random_forest,1
2022-02-22,EXHAUSTION,1,0.2254737246528117,0,EXHAUSTION_VS_ACTIVE,random_forest,1
2022-02-23,EXHAUSTION,1,0.23813870200675288,0,EXHAUSTION_VS_ACTIVE,random_forest,1
2022-02-24,EXHAUSTION,1,0.23592855111490166,0,EXHAUSTION_VS_ACTIVE,random_forest,1
2022-02-25,EXHAUSTION,1,0.21292816436614884,0,EXHAUSTION_VS_ACTIVE,random_forest,1
2022-02-27,EXHAUSTION,1,0.22661088529393925,0,EXHAUSTION_VS_ACTIVE,random_forest,1
2022-02-28,EXHAUSTION,1,0.19955479473609514,0,EXHAUSTION_VS_ACTIVE,random_forest,1
2022-03-01,EXHAUSTION,1,0.19632752171627552,0,EXHAUSTION_VS_ACTIVE,random_forest,1
2022-03-02,EXHAUSTION,1,0.1836273227144492,0,EXHAUSTION_VS_ACTIVE,random_forest,1
2022-03-03,EXHAUSTION,1,0.1840734073875046,0,EXHAUSTION_VS_ACTIVE,random_forest,1
2022-03-04,EXHAUSTION,1,0.2027055032753672,0,EXHAUSTION_VS_ACTIVE,random_forest,1
2022-03-06,EXHAUSTION,1,0.2127472686736213,0,EXHAUSTION_VS_ACTIVE,random_forest,1
2022-03-07,EXHAUSTION,1,0.23957260739371558,0,EXHAUSTION_VS_ACTIVE,random_forest,1
2022-03-08,EXHAUSTION,1,0.24713518965528308,0,EXHAUSTION_VS_ACTIVE,random_forest,1
2022-03-09,EXHAUSTION,1,0.2330950416143041,0,EXHAUSTION_VS_ACTIVE,random_forest,1
2022-03-10,EXHAUSTION,1,0.23835248661454297,0,EXHAUSTION_VS_ACTIVE,random_forest,1
2022-03-11,EXHAUSTION,1,0.2656559901846673,0,EXHAUSTION_VS_ACTIVE,random_forest,1
2022-03-13,EXHAUSTION,1,0.23097933924135008,0,EXHAUSTION_VS_ACTIVE,random_forest,1
2022-03-14,EXHAUSTION,1,0.26160472602609125,0,EXHAUSTION_VS_ACTIVE,random_forest,1
2022-03-15,EXHAUSTION,1,0.23316717469335294,0,EXHAUSTION_VS_ACTIVE,random_forest,1
2022-04-04,ACTIVE_BEAR,0,0.06627385797940051,0,EXHAUSTION_VS_ACTIVE,random_forest,1
2022-04-05,ACTIVE_BEAR,0,0.08439582598869837,0,EXHAUSTION_VS_ACTIVE,random_forest,1
2022-04-06,ACTIVE_BEAR,0,0.08597486706065414,0,EXHAUSTION_VS_ACTIVE,random_forest,1
2022-04-07,ACTIVE_BEAR,0,0.08108359823691601,0,EXHAUSTION_VS_ACTIVE,random_forest,1
2022-04-08,ACTIVE_BEAR,0,0.09178960234326311,0,EXHAUSTION_VS_ACTIVE,random_forest,1
2022-04-10,ACTIVE_BEAR,0,0.1045403380976889,0,EXHAUSTION_VS_ACTIVE,random_forest,1
2022-04-11,ACTIVE_BEAR,0,0.21926542213486308,0,EXHAUSTION_VS_ACTIVE,random_forest,1
2022-04-12,ACTIVE_BEAR,0,0.2393652201933111,0,EXHAUSTION_VS_ACTIVE,random_forest,1
2022-04-13,ACTIVE_BEAR,0,0.20947603180097268,0,EXHAUSTION_VS_ACTIVE,random_forest,1
2022-04-14,ACTIVE_BEAR,0,0.2567156798913321,0,EXHAUSTION_VS_ACTIVE,random_forest,1
2022-04-17,ACTIVE_BEAR,0,0.2544833655726323,0,EXHAUSTION_VS_ACTIVE,random_forest,1
2022-04-18,ACTIVE_BEAR,0,0.21763398719904037,0,EXHAUSTION_VS_ACTIVE,random_forest,1
2022-04-19,ACTIVE_BEAR,0,0.1984401351635117,0,EXHAUSTION_VS_ACTIVE,random_forest,1
2022-04-20,ACTIVE_BEAR,0,0.19230589728822303,0,EXHAUSTION_VS_ACTIVE,random_forest,1
2022-04-21,ACTIVE_BEAR,0,0.21905913279779315,0,EXHAUSTION_VS_ACTIVE,random_forest,1
2022-04-22,ACTIVE_BEAR,0,0.26177033079251577,0,EXHAUSTION_VS_ACTIVE,random_forest,1
2022-04-24,ACTIVE_BEAR,0,0.2312049129893359,0,EXHAUSTION_VS_ACTIVE,random_forest,1
2022-04-25,ACTIVE_BEAR,0,0.2345512859037531,0,EXHAUSTION_VS_ACTIVE,random_forest,1
2022-04-26,ACTIVE_BEAR,0,0.26587159832218143,0,EXHAUSTION_VS_ACTIVE,random_forest,1
2022-04-27,ACTIVE_BEAR,0,0.24142933379521211,0,EXHAUSTION_VS_ACTIVE,random_forest,1
2022-04-28,ACTIVE_BEAR,0,0.23774229145628742,0,EXHAUSTION_VS_ACTIVE,random_forest,1
2022-04-29,ACTIVE_BEAR,0,0.26587159832218143,0,EXHAUSTION_VS_ACTIVE,random_forest,1
2022-04-30,ACTIVE_BEAR,0,0.2606208721739333,0,EXHAUSTION_VS_ACTIVE,random_forest,1
2022-05-01,ACTIVE_BEAR,0,0.261109412584066,0,EXHAUSTION_VS_ACTIVE,random_forest,1
2022-05-02,ACTIVE_BEAR,0,0.23937851339245014,0,EXHAUSTION_VS_ACTIVE,random_forest,1
2022-05-03,ACTIVE_BEAR,0,0.23320848029490304,0,EXHAUSTION_VS_ACTIVE,random_forest,1
2022-08-22,ACTIVE_BEAR,0,0.09957058518650864,0,EXHAUSTION_VS_ACTIVE,random_forest,3
2022-08-23,ACTIVE_BEAR,0,0.11153385888206102,0,EXHAUSTION_VS_ACTIVE,random_forest,3
2022-08-24,ACTIVE_BEAR,0,0.10128479401427548,0,EXHAUSTION_VS_ACTIVE,random_forest,3
2022-08-25,ACTIVE_BEAR,0,0.08531702284582593,0,EXHAUSTION_VS_ACTIVE,random_forest,3
2022-08-26,ACTIVE_BEAR,0,0.17456015164915722,0,EXHAUSTION_VS_ACTIVE,random_forest,3
2022-08-28,ACTIVE_BEAR,0,0.1717376870041345,0,EXHAUSTION_VS_ACTIVE,random_forest,3
2022-08-29,ACTIVE_BEAR,0,0.15629103869619146,0,EXHAUSTION_VS_ACTIVE,random_forest,3
2022-08-30,ACTIVE_BEAR,0,0.18303937668795772,0,EXHAUSTION_VS_ACTIVE,random_forest,3
2022-08-31,ACTIVE_BEAR,0,0.3104815783639621,0,EXHAUSTION_VS_ACTIVE,random_forest,3
2022-09-01,ACTIVE_BEAR,0,0.3024750276752676,0,EXHAUSTION_VS_ACTIVE,random_forest,3
2022-09-02,ACTIVE_BEAR,0,0.3101034446030361,0,EXHAUSTION_VS_ACTIVE,random_forest,3
2022-09-03,ACTIVE_BEAR,0,0.26921680506674717,0,EXHAUSTION_VS_ACTIVE,random_forest,3
2022-09-04,ACTIVE_BEAR,0,0.2772564986237737,0,EXHAUSTION_VS_ACTIVE,random_forest,3
2022-09-05,ACTIVE_BEAR,0,0.27538110800341653,0,EXHAUSTION_VS_ACTIVE,random_forest,3
2022-09-06,ACTIVE_BEAR,0,0.21255584606462044,0,EXHAUSTION_VS_ACTIVE,random_forest,3
2022-09-07,ACTIVE_BEAR,0,0.22380624280429826,0,EXHAUSTION_VS_ACTIVE,random_forest,3
2022-09-08,ACTIVE_BEAR,0,0.19615462012934967,0,EXHAUSTION_VS_ACTIVE,random_forest,3
2022-09-09,ACTIVE_BEAR,0,0.030369580168152988,0,EXHAUSTION_VS_ACTIVE,random_forest,3
2022-09-11,ACTIVE_BEAR,0,0.014850554695677849,0,EXHAUSTION_VS_ACTIVE,random_forest,3
2022-09-12,ACTIVE_BEAR,0,0.014433433825460482,0,EXHAUSTION_VS_ACTIVE,random_forest,3
2022-09-13,ACTIVE_BEAR,0,0.053241792416333145,0,EXHAUSTION_VS_ACTIVE,random_forest,3
2022-09-14,ACTIVE_BEAR,0,0.033028198794550344,0,EXHAUSTION_VS_ACTIVE,random_forest,3
2022-09-15,ACTIVE_BEAR,0,0.0495220955844049,0,EXHAUSTION_VS_ACTIVE,random_forest,3
2022-09-16,ACTIVE_BEAR,0,0.08747875953892359,0,EXHAUSTION_VS_ACTIVE,random_forest,3
2022-09-18,ACTIVE_BEAR,0,0.10318303638411448,0,EXHAUSTION_VS_ACTIVE,random_forest,3
2022-09-19,ACTIVE_BEAR,0,0.10505354217993812,0,EXHAUSTION_VS_ACTIVE,random_forest,3
2022-09-20,ACTIVE_BEAR,0,0.09213865533052593,0,EXHAUSTION_VS_ACTIVE,random_forest,3
2022-09-21,ACTIVE_BEAR,0,0.1342122419994905,0,EXHAUSTION_VS_ACTIVE,random_forest,3
2022-09-22,ACTIVE_BEAR,0,0.2811934049026234,0,EXHAUSTION_VS_ACTIVE,random_forest,3
2022-09-23,ACTIVE_BEAR,0,0.31761508175584524,0,EXHAUSTION_VS_ACTIVE,random_forest,3
2022-09-25,ACTIVE_BEAR,0,0.31525725662187937,0,EXHAUSTION_VS_ACTIVE,random_forest,3
2022-09-26,ACTIVE_BEAR,0,0.3141570507647883,0,EXHAUSTION_VS_ACTIVE,random_forest,3
2022-09-27,ACTIVE_BEAR,0,0.2967411757352866,0,EXHAUSTION_VS_ACTIVE,random_forest,3
2022-09-28,ACTIVE_BEAR,0,0.2656857170332359,0,EXHAUSTION_VS_ACTIVE,random_forest,3
2022-09-29,ACTIVE_BEAR,0,0.32350290461863884,0,EXHAUSTION_VS_ACTIVE,random_forest,3
2022-09-30,EXHAUSTION,1,0.33634708802741753,0,EXHAUSTION_VS_ACTIVE,random_forest,3
2022-10-02,EXHAUSTION,1,0.3637077982824304,0,EXHAUSTION_VS_ACTIVE,random_forest,3
2022-10-03,EXHAUSTION,1,0.32910183154049044,0,EXHAUSTION_VS_ACTIVE,random_forest,3
2022-10-04,EXHAUSTION,1,0.2819002853201516,0,EXHAUSTION_VS_ACTIVE,random_forest,3
2022-10-05,EXHAUSTION,1,0.2825133626622494,0,EXHAUSTION_VS_ACTIVE,random_forest,3
2022-10-06,EXHAUSTION,1,0.24486967675024474,0,EXHAUSTION_VS_ACTIVE,random_forest,3
2022-10-07,EXHAUSTION,1,0.2992321470912799,0,EXHAUSTION_VS_ACTIVE,random_forest,3
2022-10-09,EXHAUSTION,1,0.32315885336096317,0,EXHAUSTION_VS_ACTIVE,random_forest,3
2022-10-10,EXHAUSTION,1,0.3233483744018156,0,EXHAUSTION_VS_ACTIVE,random_forest,3
2022-10-11,EXHAUSTION,1,0.3511086538956896,0,EXHAUSTION_VS_ACTIVE,random_forest,3
2022-10-12,EXHAUSTION,1,0.3604170826349147,0,EXHAUSTION_VS_ACTIVE,random_forest,3
2022-10-13,EXHAUSTION,1,0.3537378327278976,0,EXHAUSTION_VS_ACTIVE,random_forest,3
2022-10-14,EXHAUSTION,1,0.3962807647477699,0,EXHAUSTION_VS_ACTIVE,random_forest,3
2022-10-16,EXHAUSTION,1,0.4352950802360651,0,EXHAUSTION_VS_ACTIVE,random_forest,3
2022-10-17,EXHAUSTION,1,0.3435282548060055,0,EXHAUSTION_VS_ACTIVE,random_forest,3
2022-10-18,EXHAUSTION,1,0.26870957534654333,0,EXHAUSTION_VS_ACTIVE,random_forest,3
2022-10-19,EXHAUSTION,1,0.281414809256065,0,EXHAUSTION_VS_ACTIVE,random_forest,3
2022-10-20,EXHAUSTION,1,0.14504886738935568,0,EXHAUSTION_VS_ACTIVE,random_forest,3
2022-10-21,EXHAUSTION,1,0.16609920411054155,0,EXHAUSTION_VS_ACTIVE,random_forest,3
2022-10-22,EXHAUSTION,1,0.12257153384864573,0,EXHAUSTION_VS_ACTIVE,random_forest,3
2022-10-23,EXHAUSTION,1,0.11405147945818546,0,EXHAUSTION_VS_ACTIVE,random_forest,3
2022-10-24,EXHAUSTION,1,0.050830682534689864,0,EXHAUSTION_VS_ACTIVE,random_forest,3
2022-10-25,EXHAUSTION,1,0.03265026587170268,0,EXHAUSTION_VS_ACTIVE,random_forest,3
2022-10-26,EXHAUSTION,1,0.03287492481950325,0,EXHAUSTION_VS_ACTIVE,random_forest,3
2022-10-27,EXHAUSTION,1,0.06526113885329425,0,EXHAUSTION_VS_ACTIVE,random_forest,3
2022-10-28,EXHAUSTION,1,0.05638634073072344,0,EXHAUSTION_VS_ACTIVE,random_forest,3
2022-10-30,EXHAUSTION,1,0.03346219915309778,0,EXHAUSTION_VS_ACTIVE,random_forest,3
2022-10-31,EXHAUSTION,1,0.028644537777173015,0,EXHAUSTION_VS_ACTIVE,random_forest,3
2022-11-01,EXHAUSTION,1,0.04052829396012353,0,EXHAUSTION_VS_ACTIVE,random_forest,3
2022-11-02,EXHAUSTION,1,0.09641403490152564,0,EXHAUSTION_VS_ACTIVE,random_forest,3
2022-11-03,EXHAUSTION,1,0.18020054837782815,0,EXHAUSTION_VS_ACTIVE,random_forest,3
2022-11-04,EXHAUSTION,1,0.3321716687135893,0,EXHAUSTION_VS_ACTIVE,random_forest,3
2022-11-05,EXHAUSTION,1,0.39105695971288684,0,EXHAUSTION_VS_ACTIVE,random_forest,3
2022-11-06,EXHAUSTION,1,0.4183232137318781,0,EXHAUSTION_VS_ACTIVE,random_forest,3
2022-11-07,EXHAUSTION,1,0.35904094969763095,0,EXHAUSTION_VS_ACTIVE,random_forest,3
2022-11-08,EXHAUSTION,1,0.31492012102093814,0,EXHAUSTION_VS_ACTIVE,random_forest,3
2022-11-09,EXHAUSTION,1,0.3551588005526895,0,EXHAUSTION_VS_ACTIVE,random_forest,3
2022-11-10,EXHAUSTION,1,0.20082451841025922,0,EXHAUSTION_VS_ACTIVE,random_forest,3
2022-11-11,EXHAUSTION,1,0.11329272991122724,0,EXHAUSTION_VS_ACTIVE,random_forest,3
2022-11-13,EXHAUSTION,1,0.09617761017981603,0,EXHAUSTION_VS_ACTIVE,random_forest,3
2022-11-14,EXHAUSTION,1,0.08215900146258948,0,EXHAUSTION_VS_ACTIVE,random_forest,3
2022-11-15,EXHAUSTION,1,0.09013815748300884,0,EXHAUSTION_VS_ACTIVE,random_forest,3
2022-11-16,EXHAUSTION,1,0.081921016371482,0,EXHAUSTION_VS_ACTIVE,random_forest,3
2022-11-17,EXHAUSTION,1,0.07098954370763398,0,EXHAUSTION_VS_ACTIVE,random_forest,3
2022-11-18,EXHAUSTION,1,0.03438369025914902,0,EXHAUSTION_VS_ACTIVE,random_forest,3
2022-11-19,EXHAUSTION,1,0.03515909968257899,0,EXHAUSTION_VS_ACTIVE,random_forest,3
2022-11-20,EXHAUSTION,1,0.027430449076597276,0,EXHAUSTION_VS_ACTIVE,random_forest,3
2022-11-21,EXHAUSTION,1,0.036606960602434735,0,EXHAUSTION_VS_ACTIVE,random_forest,3
2022-11-22,EXHAUSTION,1,0.03968737175990464,0,EXHAUSTION_VS_ACTIVE,random_forest,3
2022-11-23,EXHAUSTION,1,0.03228768795864601,0,EXHAUSTION_VS_ACTIVE,random_forest,3
2022-11-24,EXHAUSTION,1,0.014554792340693002,0,EXHAUSTION_VS_ACTIVE,random_forest,3
2022-11-25,EXHAUSTION,1,0.027970714685513084,0,EXHAUSTION_VS_ACTIVE,random_forest,3
2022-11-27,EXHAUSTION,1,0.032088660692263106,0,EXHAUSTION_VS_ACTIVE,random_forest,3
2022-11-28,EXHAUSTION,1,0.0362993662012621,0,EXHAUSTION_VS_ACTIVE,random_forest,3
2022-11-29,EXHAUSTION,1,0.03787256564911634,0,EXHAUSTION_VS_ACTIVE,random_forest,3
2022-11-30,EXHAUSTION,1,0.05373603289688613,0,EXHAUSTION_VS_ACTIVE,random_forest,3
2022-12-01,EXHAUSTION,1,0.029061982406805707,0,EXHAUSTION_VS_ACTIVE,random_forest,3
2022-12-02,EXHAUSTION,1,0.030736939092985673,0,EXHAUSTION_VS_ACTIVE,random_forest,3
2022-12-04,EXHAUSTION,1,0.03385204203270489,0,EXHAUSTION_VS_ACTIVE,random_forest,3
2022-12-05,EXHAUSTION,1,0.034605339235754,0,EXHAUSTION_VS_ACTIVE,random_forest,3
2022-12-06,EXHAUSTION,1,0.04284154968928399,0,EXHAUSTION_VS_ACTIVE,random_forest,3
2022-12-07,EXHAUSTION,1,0.05202768196180501,0,EXHAUSTION_VS_ACTIVE,random_forest,3
2022-12-08,EXHAUSTION,1,0.050791051727202025,0,EXHAUSTION_VS_ACTIVE,random_forest,3
2022-12-09,EXHAUSTION,1,0.050299338391243925,0,EXHAUSTION_VS_ACTIVE,random_forest,3
2022-12-11,EXHAUSTION,1,0.05361448584161724,0,EXHAUSTION_VS_ACTIVE,random_forest,3
2022-12-12,EXHAUSTION,1,0.7689377250952206,1,EXHAUSTION_VS_ACTIVE,random_forest,4
2022-12-13,EXHAUSTION,1,0.7293243061157888,1,EXHAUSTION_VS_ACTIVE,random_forest,4
2022-12-14,EXHAUSTION,1,0.7504061960693797,1,EXHAUSTION_VS_ACTIVE,random_forest,4
2022-12-15,EXHAUSTION,1,0.7805313295558035,1,EXHAUSTION_VS_ACTIVE,random_forest,4
2022-12-16,EXHAUSTION,1,0.7764173035925627,1,EXHAUSTION_VS_ACTIVE,random_forest,4
2022-12-18,EXHAUSTION,1,0.7748831851597832,1,EXHAUSTION_VS_ACTIVE,random_forest,4
2022-12-19,EXHAUSTION,1,0.7930426329099945,1,EXHAUSTION_VS_ACTIVE,random_forest,4
2022-12-20,EXHAUSTION,1,0.7912752990854797,1,EXHAUSTION_VS_ACTIVE,random_forest,4
2022-12-21,EXHAUSTION,1,0.7786976243726852,1,EXHAUSTION_VS_ACTIVE,random_forest,4
2022-12-22,EXHAUSTION,1,0.8328249355939278,1,EXHAUSTION_VS_ACTIVE,random_forest,4
2022-12-23,EXHAUSTION,1,0.8119838485714959,1,EXHAUSTION_VS_ACTIVE,random_forest,4
2022-12-26,EXHAUSTION,1,0.7948046892090918,1,EXHAUSTION_VS_ACTIVE,random_forest,4
2022-12-27,EXHAUSTION,1,0.8359483046274038,1,EXHAUSTION_VS_ACTIVE,random_forest,4
2022-12-28,EXHAUSTION,1,0.7967665817212555,1,EXHAUSTION_VS_ACTIVE,random_forest,4
2022-12-29,EXHAUSTION,1,0.7971655540864387,1,EXHAUSTION_VS_ACTIVE,random_forest,4
2022-12-30,EXHAUSTION,1,0.7968285949845303,1,EXHAUSTION_VS_ACTIVE,random_forest,4
2023-01-02,EXHAUSTION,1,0.7934238853992412,1,EXHAUSTION_VS_ACTIVE,random_forest,4
2023-01-03,EXHAUSTION,1,0.8015891894530423,1,EXHAUSTION_VS_ACTIVE,random_forest,4
2023-01-04,EXHAUSTION,1,0.7875473595262631,1,EXHAUSTION_VS_ACTIVE,random_forest,4
2023-01-05,EXHAUSTION,1,0.7538094597929033,1,EXHAUSTION_VS_ACTIVE,random_forest,4
2023-01-06,EXHAUSTION,1,0.7712198138573809,1,EXHAUSTION_VS_ACTIVE,random_forest,4
2023-01-07,EXHAUSTION,1,0.7649140458260733,1,EXHAUSTION_VS_ACTIVE,random_forest,4
2023-01-08,EXHAUSTION,1,0.7505110751330448,1,EXHAUSTION_VS_ACTIVE,random_forest,4
2023-01-09,EXHAUSTION,1,0.7516797862752567,1,EXHAUSTION_VS_ACTIVE,random_forest,4
2023-01-10,EXHAUSTION,1,0.7538936958680306,1,EXHAUSTION_VS_ACTIVE,random_forest,4
2023-07-30,ACTIVE_BEAR,0,0.15589901734743392,0,EXHAUSTION_VS_ACTIVE,random_forest,4
2023-07-31,ACTIVE_BEAR,0,0.15480945560748915,0,EXHAUSTION_VS_ACTIVE,random_forest,4
2023-08-01,ACTIVE_BEAR,0,0.15572449307571923,0,EXHAUSTION_VS_ACTIVE,random_forest,4
2023-08-02,ACTIVE_BEAR,0,0.14741801337707558,0,EXHAUSTION_VS_ACTIVE,random_forest,4
2023-08-03,ACTIVE_BEAR,0,0.17395151946146117,0,EXHAUSTION_VS_ACTIVE,random_forest,4
2023-08-04,ACTIVE_BEAR,0,0.1692003259267526,0,EXHAUSTION_VS_ACTIVE,random_forest,4
2023-08-06,ACTIVE_BEAR,0,0.15376925103273736,0,EXHAUSTION_VS_ACTIVE,random_forest,4
2023-08-07,ACTIVE_BEAR,0,0.11711016401922086,0,EXHAUSTION_VS_ACTIVE,random_forest,4
2023-08-08,ACTIVE_BEAR,0,0.12625076046145137,0,EXHAUSTION_VS_ACTIVE,random_forest,4
2023-08-09,ACTIVE_BEAR,0,0.14417494136762254,0,EXHAUSTION_VS_ACTIVE,random_forest,4
2023-08-10,ACTIVE_BEAR,0,0.14303679205749403,0,EXHAUSTION_VS_ACTIVE,random_forest,4
2023-08-11,ACTIVE_BEAR,0,0.16194864100270212,0,EXHAUSTION_VS_ACTIVE,random_forest,4
2023-08-13,ACTIVE_BEAR,0,0.20189665763131473,0,EXHAUSTION_VS_ACTIVE,random_forest,4
2023-08-14,ACTIVE_BEAR,0,0.13920661674591486,0,EXHAUSTION_VS_ACTIVE,random_forest,4
2023-08-15,ACTIVE_BEAR,0,0.138862985491792,0,EXHAUSTION_VS_ACTIVE,random_forest,4
2023-08-16,ACTIVE_BEAR,0,0.15731091236140993,0,EXHAUSTION_VS_ACTIVE,random_forest,4
2023-08-17,EXHAUSTION,1,0.19760004118136712,0,EXHAUSTION_VS_ACTIVE,random_forest,4
2023-08-18,EXHAUSTION,1,0.2510061752526623,0,EXHAUSTION_VS_ACTIVE,random_forest,4
2023-08-19,EXHAUSTION,1,0.2811625504762562,0,EXHAUSTION_VS_ACTIVE,random_forest,4
2023-08-20,EXHAUSTION,1,0.2712352754985554,0,EXHAUSTION_VS_ACTIVE,random_forest,4
2024-03-24,ACTIVE_BEAR,0,0.18730260009869323,0,EXHAUSTION_VS_ACTIVE,random_forest,4
2024-03-25,ACTIVE_BEAR,0,0.18626600369750196,0,EXHAUSTION_VS_ACTIVE,random_forest,4
2024-03-26,ACTIVE_BEAR,0,0.19071018843895035,0,EXHAUSTION_VS_ACTIVE,random_forest,4
2024-03-27,ACTIVE_BEAR,0,0.19333014385652608,0,EXHAUSTION_VS_ACTIVE,random_forest,4
2024-03-28,ACTIVE_BEAR,0,0.19877524377812786,0,EXHAUSTION_VS_ACTIVE,random_forest,4
2024-03-30,ACTIVE_BEAR,0,0.1999088112892476,0,EXHAUSTION_VS_ACTIVE,random_forest,4
2024-03-31,ACTIVE_BEAR,0,0.19378273896233078,0,EXHAUSTION_VS_ACTIVE,random_forest,4
2024-04-01,ACTIVE_BEAR,0,0.19063296142474723,0,EXHAUSTION_VS_ACTIVE,random_forest,4
2024-04-02,ACTIVE_BEAR,0,0.19495863111189712,0,EXHAUSTION_VS_ACTIVE,random_forest,4
2024-04-03,ACTIVE_BEAR,0,0.18995047141600022,0,EXHAUSTION_VS_ACTIVE,random_forest,4
2024-04-04,ACTIVE_BEAR,0,0.20678483725947389,0,EXHAUSTION_VS_ACTIVE,random_forest,4
2024-04-05,ACTIVE_BEAR,0,0.20678195787660958,0,EXHAUSTION_VS_ACTIVE,random_forest,4
2024-04-06,ACTIVE_BEAR,0,0.1966575102970845,0,EXHAUSTION_VS_ACTIVE,random_forest,4
2024-04-07,ACTIVE_BEAR,0,0.19505794132518317,0,EXHAUSTION_VS_ACTIVE,random_forest,4
2024-04-08,ACTIVE_BEAR,0,0.20066552158015777,0,EXHAUSTION_VS_ACTIVE,random_forest,4
2024-04-09,ACTIVE_BEAR,0,0.203214617405537,0,EXHAUSTION_VS_ACTIVE,random_forest,4
2024-04-10,ACTIVE_BEAR,0,0.20770344103393057,0,EXHAUSTION_VS_ACTIVE,random_forest,4
2024-04-11,ACTIVE_BEAR,0,0.2056984052990295,0,EXHAUSTION_VS_ACTIVE,random_forest,4
2024-04-12,ACTIVE_BEAR,0,0.21245666733111854,0,EXHAUSTION_VS_ACTIVE,random_forest,4
2024-04-13,ACTIVE_BEAR,0,0.20257895456685407,0,EXHAUSTION_VS_ACTIVE,random_forest,4
2024-04-14,ACTIVE_BEAR,0,0.19824952122309142,0,EXHAUSTION_VS_ACTIVE,random_forest,4
2024-04-15,ACTIVE_BEAR,0,0.23776859141169762,0,EXHAUSTION_VS_ACTIVE,random_forest,4
2024-04-16,ACTIVE_BEAR,0,0.2167783097281977,0,EXHAUSTION_VS_ACTIVE,random_forest,4
2024-04-17,ACTIVE_BEAR,0,0.22669674060913916,0,EXHAUSTION_VS_ACTIVE,random_forest,4
2024-04-18,ACTIVE_BEAR,0,0.23316007661042878,0,EXHAUSTION_VS_ACTIVE,random_forest,4
2024-04-19,ACTIVE_BEAR,0,0.3353951690746323,0,EXHAUSTION_VS_ACTIVE,random_forest,4
2024-04-20,ACTIVE_BEAR,0,0.36381976328548477,0,EXHAUSTION_VS_ACTIVE,random_forest,4
2024-04-21,ACTIVE_BEAR,0,0.34493233634449394,0,EXHAUSTION_VS_ACTIVE,random_forest,4
2024-07-10,ACTIVE_BEAR,0,0.24408233797221185,0,EXHAUSTION_VS_ACTIVE,random_forest,4
2024-07-11,ACTIVE_BEAR,0,0.25857329555521796,0,EXHAUSTION_VS_ACTIVE,random_forest,4
2024-07-12,ACTIVE_BEAR,0,0.25132754981019184,0,EXHAUSTION_VS_ACTIVE,random_forest,4
2024-07-13,ACTIVE_BEAR,0,0.24376367351999162,0,EXHAUSTION_VS_ACTIVE,random_forest,4
2024-07-14,ACTIVE_BEAR,0,0.24229882066062022,0,EXHAUSTION_VS_ACTIVE,random_forest,4
2024-07-15,ACTIVE_BEAR,0,0.2512235734355928,0,EXHAUSTION_VS_ACTIVE,random_forest,4
2024-07-16,ACTIVE_BEAR,0,0.2510379311259414,0,EXHAUSTION_VS_ACTIVE,random_forest,4
2024-07-17,ACTIVE_BEAR,0,0.26673524657154735,0,EXHAUSTION_VS_ACTIVE,random_forest,4
2024-07-18,ACTIVE_BEAR,0,0.27624688332522646,0,EXHAUSTION_VS_ACTIVE,random_forest,4
2024-07-19,ACTIVE_BEAR,0,0.28267530706465827,0,EXHAUSTION_VS_ACTIVE,random_forest,4
2024-07-21,ACTIVE_BEAR,0,0.2711193030699901,0,EXHAUSTION_VS_ACTIVE,random_forest,4
2024-07-22,ACTIVE_BEAR,0,0.2651771782385167,0,EXHAUSTION_VS_ACTIVE,random_forest,4
2024-07-23,ACTIVE_BEAR,0,0.26899651120355406,0,EXHAUSTION_VS_ACTIVE,random_forest,4
2024-07-24,ACTIVE_BEAR,0,0.35130395748810433,0,EXHAUSTION_VS_ACTIVE,random_forest,4
2024-07-25,ACTIVE_BEAR,0,0.3553652499626731,0,EXHAUSTION_VS_ACTIVE,random_forest,4
2024-07-26,ACTIVE_BEAR,0,0.35944950794855984,0,EXHAUSTION_VS_ACTIVE,random_forest,4
2024-07-27,ACTIVE_BEAR,0,0.4409041942510813,0,EXHAUSTION_VS_ACTIVE,random_forest,4
2024-07-28,ACTIVE_BEAR,0,0.41674222905535585,0,EXHAUSTION_VS_ACTIVE,random_forest,4
2024-07-29,ACTIVE_BEAR,0,0.4246340884079086,0,EXHAUSTION_VS_ACTIVE,random_forest,4
2024-07-30,ACTIVE_BEAR,0,0.4483948564537248,0,EXHAUSTION_VS_ACTIVE,random_forest,4
2024-07-31,ACTIVE_BEAR,0,0.47112630543861944,0,EXHAUSTION_VS_ACTIVE,random_forest,4
2024-08-01,ACTIVE_BEAR,0,0.614817970726288,1,EXHAUSTION_VS_ACTIVE,random_forest,4
2024-08-02,ACTIVE_BEAR,0,0.7321515286994834,1,EXHAUSTION_VS_ACTIVE,random_forest,4
2024-08-03,ACTIVE_BEAR,0,0.8026528947868573,1,EXHAUSTION_VS_ACTIVE,random_forest,4
2024-08-04,ACTIVE_BEAR,0,0.7659564162673637,1,EXHAUSTION_VS_ACTIVE,random_forest,4
2024-08-05,ACTIVE_BEAR,0,0.8303856019465303,1,EXHAUSTION_VS_ACTIVE,random_forest,4
2024-08-06,ACTIVE_BEAR,0,0.8637441587812802,1,EXHAUSTION_VS_ACTIVE,random_forest,4
2024-08-07,EXHAUSTION,1,0.6381903144869833,1,EXHAUSTION_VS_ACTIVE,random_forest,5
2024-08-08,EXHAUSTION,1,0.5207186195593945,1,EXHAUSTION_VS_ACTIVE,random_forest,5
2025-02-17,ACTIVE_BEAR,0,0.10534860527087984,0,EXHAUSTION_VS_ACTIVE,random_forest,5
2025-02-18,ACTIVE_BEAR,0,0.09385172627587038,0,EXHAUSTION_VS_ACTIVE,random_forest,5
2025-02-19,ACTIVE_BEAR,0,0.0448223381558395,0,EXHAUSTION_VS_ACTIVE,random_forest,5
2025-02-20,ACTIVE_BEAR,0,0.047140412211178394,0,EXHAUSTION_VS_ACTIVE,random_forest,5
2025-02-21,ACTIVE_BEAR,0,0.06388233573045307,0,EXHAUSTION_VS_ACTIVE,random_forest,5
2025-02-23,ACTIVE_BEAR,0,0.047335410911338346,0,EXHAUSTION_VS_ACTIVE,random_forest,5
2025-02-24,ACTIVE_BEAR,0,0.06547113626045904,0,EXHAUSTION_VS_ACTIVE,random_forest,5
2025-02-25,ACTIVE_BEAR,0,0.09052763133177295,0,EXHAUSTION_VS_ACTIVE,random_forest,5
2025-02-26,ACTIVE_BEAR,0,0.09468131235601739,0,EXHAUSTION_VS_ACTIVE,random_forest,5
2025-02-27,ACTIVE_BEAR,0,0.2548475052114527,0,EXHAUSTION_VS_ACTIVE,random_forest,5
2025-02-28,ACTIVE_BEAR,0,0.26203980613901007,0,EXHAUSTION_VS_ACTIVE,random_forest,5
2025-03-01,ACTIVE_BEAR,0,0.3997626112367799,0,EXHAUSTION_VS_ACTIVE,random_forest,5
2025-03-02,ACTIVE_BEAR,0,0.3581590160146322,0,EXHAUSTION_VS_ACTIVE,random_forest,5
2025-03-03,ACTIVE_BEAR,0,0.4529058035240613,0,EXHAUSTION_VS_ACTIVE,random_forest,5
2025-03-04,ACTIVE_BEAR,0,0.42394914492229124,0,EXHAUSTION_VS_ACTIVE,random_forest,5
2025-03-05,ACTIVE_BEAR,0,0.42301023265454096,0,EXHAUSTION_VS_ACTIVE,random_forest,5
2025-03-06,ACTIVE_BEAR,0,0.5469357635836336,1,EXHAUSTION_VS_ACTIVE,random_forest,5
2025-03-07,ACTIVE_BEAR,0,0.5491595811528613,1,EXHAUSTION_VS_ACTIVE,random_forest,5
2025-03-08,ACTIVE_BEAR,0,0.600964584158833,1,EXHAUSTION_VS_ACTIVE,random_forest,5
2025-03-09,ACTIVE_BEAR,0,0.5638899398498741,1,EXHAUSTION_VS_ACTIVE,random_forest,5
2025-03-10,ACTIVE_BEAR,0,0.615022188342478,1,EXHAUSTION_VS_ACTIVE,random_forest,5
2025-03-11,ACTIVE_BEAR,0,0.6306121792207791,1,EXHAUSTION_VS_ACTIVE,random_forest,5
2025-03-12,ACTIVE_BEAR,0,0.6311177950470849,1,EXHAUSTION_VS_ACTIVE,random_forest,5
2025-03-13,ACTIVE_BEAR,0,0.6379779208477153,1,EXHAUSTION_VS_ACTIVE,random_forest,5
2025-03-14,ACTIVE_BEAR,0,0.6371139172789482,1,EXHAUSTION_VS_ACTIVE,random_forest,5
2025-03-15,ACTIVE_BEAR,0,0.6239272131853191,1,EXHAUSTION_VS_ACTIVE,random_forest,5
2025-03-16,ACTIVE_BEAR,0,0.628271973114934,1,EXHAUSTION_VS_ACTIVE,random_forest,5
2025-03-17,ACTIVE_BEAR,0,0.6233842625597615,1,EXHAUSTION_VS_ACTIVE,random_forest,5
2025-03-18,ACTIVE_BEAR,0,0.6338806276999275,1,EXHAUSTION_VS_ACTIVE,random_forest,5
2025-03-19,ACTIVE_BEAR,0,0.6130047481203486,1,EXHAUSTION_VS_ACTIVE,random_forest,5
2025-03-20,ACTIVE_BEAR,0,0.621669229705123,1,EXHAUSTION_VS_ACTIVE,random_forest,5
2025-03-21,ACTIVE_BEAR,0,0.62340038216022,1,EXHAUSTION_VS_ACTIVE,random_forest,5
2025-03-22,ACTIVE_BEAR,0,0.6154355404497228,1,EXHAUSTION_VS_ACTIVE,random_forest,5
2025-03-23,ACTIVE_BEAR,0,0.6099669846747059,1,EXHAUSTION_VS_ACTIVE,random_forest,5
2025-03-24,ACTIVE_BEAR,0,0.6132296019584932,1,EXHAUSTION_VS_ACTIVE,random_forest,5
2025-03-25,ACTIVE_BEAR,0,0.5210179759607267,1,EXHAUSTION_VS_ACTIVE,random_forest,5
2025-03-26,ACTIVE_BEAR,0,0.4910125042995284,0,EXHAUSTION_VS_ACTIVE,random_forest,5
2025-03-27,ACTIVE_BEAR,0,0.4778148025330017,0,EXHAUSTION_VS_ACTIVE,random_forest,5
2025-03-28,ACTIVE_BEAR,0,0.5138197509837461,1,EXHAUSTION_VS_ACTIVE,random_forest,5
2025-03-29,ACTIVE_BEAR,0,0.5066535047683827,1,EXHAUSTION_VS_ACTIVE,random_forest,5
2025-03-30,ACTIVE_BEAR,0,0.524846577171936,1,EXHAUSTION_VS_ACTIVE,random_forest,5
2025-03-31,ACTIVE_BEAR,0,0.552485104793367,1,EXHAUSTION_VS_ACTIVE,random_forest,5
2025-04-01,ACTIVE_BEAR,0,0.5867110389434064,1,EXHAUSTION_VS_ACTIVE,random_forest,5
2025-04-02,ACTIVE_BEAR,0,0.5990583458325406,1,EXHAUSTION_VS_ACTIVE,random_forest,5
2025-04-03,ACTIVE_BEAR,0,0.6142061575622048,1,EXHAUSTION_VS_ACTIVE,random_forest,5
2025-04-04,EXHAUSTION,1,0.5952372165420016,1,EXHAUSTION_VS_ACTIVE,random_forest,5
2025-04-05,EXHAUSTION,1,0.5815860543211364,1,EXHAUSTION_VS_ACTIVE,random_forest,5
2025-04-06,EXHAUSTION,1,0.592526941442971,1,EXHAUSTION_VS_ACTIVE,random_forest,5
2025-04-07,EXHAUSTION,1,0.5917137962274858,1,EXHAUSTION_VS_ACTIVE,random_forest,5
2026-01-28,ACTIVE_BEAR,0,0.01772441172976241,0,EXHAUSTION_VS_ACTIVE,random_forest,5
2026-01-29,ACTIVE_BEAR,0,0.042335009751293846,0,EXHAUSTION_VS_ACTIVE,random_forest,5
2026-01-30,ACTIVE_BEAR,0,0.05322166425372183,0,EXHAUSTION_VS_ACTIVE,random_forest,5
2026-01-31,ACTIVE_BEAR,0,0.01323048667512536,0,EXHAUSTION_VS_ACTIVE,random_forest,5
2026-02-01,ACTIVE_BEAR,0,0.01609108531350683,0,EXHAUSTION_VS_ACTIVE,random_forest,5
2026-02-02,ACTIVE_BEAR,0,0.06595561489736028,0,EXHAUSTION_VS_ACTIVE,random_forest,5
2026-02-03,ACTIVE_BEAR,0,0.08755865456014994,0,EXHAUSTION_VS_ACTIVE,random_forest,5
2026-02-04,ACTIVE_BEAR,0,0.15999549497829815,0,EXHAUSTION_VS_ACTIVE,random_forest,5
2026-02-05,ACTIVE_BEAR,0,0.4151980296972701,0,EXHAUSTION_VS_ACTIVE,random_forest,5
2026-02-06,ACTIVE_BEAR,0,0.35506386149468533,0,EXHAUSTION_VS_ACTIVE,random_forest,5
2026-02-08,ACTIVE_BEAR,0,0.33842637723866525,0,EXHAUSTION_VS_ACTIVE,random_forest,5
2026-02-09,ACTIVE_BEAR,0,0.34404062380374045,0,EXHAUSTION_VS_ACTIVE,random_forest,5
2026-02-10,ACTIVE_BEAR,0,0.34180198139990986,0,EXHAUSTION_VS_ACTIVE,random_forest,5
2026-02-11,ACTIVE_BEAR,0,0.30229288062958815,0,EXHAUSTION_VS_ACTIVE,random_forest,5
2026-02-12,ACTIVE_BEAR,0,0.39978712781007003,0,EXHAUSTION_VS_ACTIVE,random_forest,5
2026-02-13,ACTIVE_BEAR,0,0.45127999675695407,0,EXHAUSTION_VS_ACTIVE,random_forest,5
2026-02-14,ACTIVE_BEAR,0,0.44266773985397995,0,EXHAUSTION_VS_ACTIVE,random_forest,5
2026-02-15,ACTIVE_BEAR,0,0.3920085151995128,0,EXHAUSTION_VS_ACTIVE,random_forest,5
2026-02-16,ACTIVE_BEAR,0,0.34806312695826547,0,EXHAUSTION_VS_ACTIVE,random_forest,5
2026-02-17,ACTIVE_BEAR,0,0.42798590348172866,0,EXHAUSTION_VS_ACTIVE,random_forest,5
2026-02-18,ACTIVE_BEAR,0,0.3519146074769115,0,EXHAUSTION_VS_ACTIVE,random_forest,5
2026-02-19,ACTIVE_BEAR,0,0.3363448015566852,0,EXHAUSTION_VS_ACTIVE,random_forest,5
2026-02-20,ACTIVE_BEAR,0,0.2928537473613616,0,EXHAUSTION_VS_ACTIVE,random_forest,5
2026-02-22,ACTIVE_BEAR,0,0.25786166596541277,0,EXHAUSTION_VS_ACTIVE,random_forest,5
2026-02-23,ACTIVE_BEAR,0,0.30247156495821553,0,EXHAUSTION_VS_ACTIVE,random_forest,5
2026-02-24,ACTIVE_BEAR,0,0.2065388705434656,0,EXHAUSTION_VS_ACTIVE,random_forest,5
2026-02-25,ACTIVE_BEAR,0,0.18887122614986823,0,EXHAUSTION_VS_ACTIVE,random_forest,5
2026-02-26,ACTIVE_BEAR,0,0.2291657472854164,0,EXHAUSTION_VS_ACTIVE,random_forest,5
2026-02-27,ACTIVE_BEAR,0,0.22433293065485332,0,EXHAUSTION_VS_ACTIVE,random_forest,5
2026-02-28,ACTIVE_BEAR,0,0.14725388316904905,0,EXHAUSTION_VS_ACTIVE,random_forest,5
2026-03-01,ACTIVE_BEAR,0,0.22978829043890006,0,EXHAUSTION_VS_ACTIVE,random_forest,5
2026-03-02,ACTIVE_BEAR,0,0.23451766323105613,0,EXHAUSTION_VS_ACTIVE,random_forest,5
2026-03-03,ACTIVE_BEAR,0,0.42303875966361626,0,EXHAUSTION_VS_ACTIVE,random_forest,5
2026-03-04,ACTIVE_BEAR,0,0.2635040022610604,0,EXHAUSTION_VS_ACTIVE,random_forest,5
2026-03-05,ACTIVE_BEAR,0,0.2305026620820209,0,EXHAUSTION_VS_ACTIVE,random_forest,5
2026-03-06,ACTIVE_BEAR,0,0.3892636648177236,0,EXHAUSTION_VS_ACTIVE,random_forest,5
2026-03-08,ACTIVE_BEAR,0,0.498560215977881,0,EXHAUSTION_VS_ACTIVE,random_forest,5
2026-03-09,ACTIVE_BEAR,0,0.3725363028588501,0,EXHAUSTION_VS_ACTIVE,random_forest,5
2026-03-10,ACTIVE_BEAR,0,0.37330319617716773,0,EXHAUSTION_VS_ACTIVE,random_forest,5
2026-03-11,ACTIVE_BEAR,0,0.41870986343348066,0,EXHAUSTION_VS_ACTIVE,random_forest,5
2026-03-12,ACTIVE_BEAR,0,0.5080102365024077,1,EXHAUSTION_VS_ACTIVE,random_forest,5
2026-03-13,ACTIVE_BEAR,0,0.5122297569375871,1,EXHAUSTION_VS_ACTIVE,random_forest,5
2026-03-14,ACTIVE_BEAR,0,0.5141976772946173,1,EXHAUSTION_VS_ACTIVE,random_forest,5
2026-03-15,ACTIVE_BEAR,0,0.4675806164292102,0,EXHAUSTION_VS_ACTIVE,random_forest,5
2026-03-16,ACTIVE_BEAR,0,0.44917175389338865,0,EXHAUSTION_VS_ACTIVE,random_forest,5
2026-03-17,ACTIVE_BEAR,0,0.34360117529008044,0,EXHAUSTION_VS_ACTIVE,random_forest,5
2026-03-18,ACTIVE_BEAR,0,0.4168728396617097,0,EXHAUSTION_VS_ACTIVE,random_forest,5
2026-03-19,ACTIVE_BEAR,0,0.40554536885096404,0,EXHAUSTION_VS_ACTIVE,random_forest,5
2026-03-20,ACTIVE_BEAR,0,0.4358257605778729,0,EXHAUSTION_VS_ACTIVE,random_forest,5
